province,district,local_level,office,ward_count,postal_code_local_level,local_level_code
कोशी,ताप्लेजुङ,फक्ताङ्लुङ्ग गाउँपालिका,"हुलाक कार्यालय, फक्ताङ्लुङ्ग गाउँपालिका",7,10101,10105
कोशी,ताप्लेजुङ,मिक्वाखोला गाउँपालिका,"हुलाक कार्यालय, मिक्वाखोला गाउँपालिका",5,10102,10102
कोशी,ताप्लेजुङ,मेरिङ्गदेन गाउँपालिका,"हुलाक कार्यालय, मेरिङ्गदेन गाउँपालिका",6,10103,10103
कोशी,ताप्लेजुङ,मैवाखोला गाउँपालिका,"हुलाक कार्यालय, मैवाखोला गाउँपालिका",6,10104,10102
कोशी,ताप्लेजुङ,आठराई त्रिवेणी गाउँपालिका,"हुलाक कार्यालय, आठराई त्रिवेणी गाउँपालिका",5,10105,10101
कोशी,ताप्लेजुङ,फुङलिङ्ग नगरपालिका,"जिल्ला हुलाक कार्यालय, ताप्लेजुङ",11,10106,10106
कोशी,ताप्लेजुङ,पाथिभरा याङ्वराक गाउँपालिका,"हुलाक कार्यालय, पाथिभरा याङ्वराक गाउँपालिका",6,10107,10109
कोशी,ताप्लेजुङ,सिरीजङ्गा गाउँपालिका,"हुलाक कार्यालय, सिरीजङ्गा गाउँपालिका",8,10108,10108
कोशी,ताप्लेजुङ,सिदिङ्गवा गाउँपालिका,"हुलाक कार्यालय, सिदिङ्गवा गाउँपालिका",7,10109,10107
कोशी,संखुवासभा,भोटखोला गाउँपालिका,"हुलाक कार्यालय, भोटखोला गाउँपालिका",5,10201,10901
कोशी,संखुवासभा,मकालु गाउँपालिका,"हुलाक कार्यालय, मकालु गाउँपालिका",6,10202,10907
कोशी,संखुवासभा,सिलीचोङ गाउँपालिका,"हुलाक कार्यालय, सिलीचोङ गाउँपालिका",5,10203,10910
कोशी,संखुवासभा,चिचिला गाउँपालिका,"हुलाक कार्यालय, चिचिला गाउँपालिका",5,10204,10903
कोशी,संखुवासभा,सभापोखरी गाउँपालिका,"हुलाक कार्यालय, सभापोखरी गाउँपालिका",6,10205,10909
कोशी,संखुवासभा,खाँदबारी नगरपालिका,"जिल्ला हुलाक कार्यालय, संखुवासभा",11,10206,10905
कोशी,संखुवासभा,पाँचखपन नगरपालिका,"हुलाक कार्यालय, पाँचखपन नगरपालिका",9,10207,10908
कोशी,संखुवासभा,चैनपुर नगरपालिका,"हुलाक कार्यालय, चैनपुर नगरपालिका",11,10208,10902
कोशी,संखुवासभा,मादी नगरपालिका,"हुलाक कार्यालय, मादी नगरपालिका",9,10209,10906
कोशी,संखुवासभा,धर्मदेवी नगरपालिका,"हुलाक कार्यालय, धर्मदेवी नगरपालिका",9,10210,10904
कोशी,सोलुखुम्बु,खुम्बु पासाङल्हामु गाउँपालिका,"हुलाक कार्यालय, खुम्बु पासाङल्हामु गाउँपालिका",5,10301,11103
कोशी,सोलुखुम्बु,माहाकुलुङ गाउँपालिका,"हुलाक कार्यालय, माहाकुलुङ गाउँपालिका",5,10302,11105
कोशी,सोलुखुम्बु,सोताङ गाउँपालिका,"हुलाक कार्यालय, सोताङ गाउँपालिका",5,10303,11108
कोशी,सोलुखुम्बु,माप्य दुधकोशी गाउँपालिका,"हुलाक कार्यालय, माप्य दुधकोशी गाउँपालिका",7,10304,11102
कोशी,सोलुखुम्बु,थुलुङ दुधकोशी गाउँपालिका,"हुलाक कार्यालय, थुलुङ दुधकोशी गाउँपालिका",9,10305,11101
कोशी,सोलुखुम्बु,नेचासल्यान गाउँपालिका,"हुलाक कार्यालय, नेचासल्यान गाउँपालिका",5,10306,11106
कोशी,सोलुखुम्बु,सोलुदुधकुण्ड नगरपालिका,"जिल्ला हुलाक कार्यालय, सोलुखुम्बु",11,10307,11107
कोशी,सोलुखुम्बु,लिखु पिके गाउँपालिका,"हुलाक कार्यालय, लिखु पिके गाउँपालिका",5,10308,11104
कोशी,ओखलढुङ्गा,चिशंखुगढी गाउँपालिका,"हुलाक कार्यालय, चिशंखुगढी गाउँपालिका",8,10401,11202
कोशी,ओखलढुङ्गा,सिद्धिचरण नगरपालिका,"जिल्ला हुलाक कार्यालय, ओखलढुङ्गा",12,10402,11207
कोशी,ओखलढुङ्गा,मोलुङ्ग गाउँपालिका,"हुलाक कार्यालय, मोलुङ्ग गाउँपालिका",8,10403,11206
कोशी,ओखलढुङ्गा,खिजीदेम्बा गाउँपालिका,"हुलाक कार्यालय, खिजीदेम्बा गाउँपालिका",9,10404,11203
कोशी,ओखलढुङ्गा,लिखु गाउँपालिका,"हुलाक कार्यालय, लिखु गाउँपालिका",9,10405,11204
कोशी,ओखलढुङ्गा,चम्पादेवी गाउँपालिका,"हुलाक कार्यालय, चम्पादेवी गाउँपालिका",10,10406,11201
कोशी,ओखलढुङ्गा,सुनकोशी गाउँपालिका,"हुलाक कार्यालय, सुनकोशी गाउँपालिका",10,10407,11208
कोशी,ओखलढुङ्गा,मानेभन्ज्याङ्ग गाउँपालिका,"हुलाक कार्यालय, मानेभन्ज्याङ्ग गाउँपालिका",9,10408,11205
कोशी,खोटाङ,केपिलासगढी गाउँपालिका,"हुलाक कार्यालय, केपिलासगढी गाउँपालिका",7,10501,11306
कोशी,खोटाङ,ऐसेलुखर्क गाउँपालिका,"हुलाक कार्यालय, ऐसेलुखर्क गाउँपालिका",7,10502,11301
कोशी,खोटाङ,रावा बेसी गाउँपालिका,"हुलाक कार्यालय, रावा बेसी गाउँपालिका",6,10503,11308
कोशी,खोटाङ,हलेसी तुवाचुङ नगरपालिका,"हुलाक कार्यालय, हलेसी तुवाचुङ नगरपालिका",11,10504,11304
कोशी,खोटाङ,दिक्तेल रुपाकोट मझुवागढी नगरपालिका,"जिल्ला हुलाक कार्यालय, खोटाङ",15,10505,11309
कोशी,खोटाङ,साकेला गाउँपालिका,"हुलाक कार्यालय, साकेला गाउँपालिका",5,10506,11310
कोशी,खोटाङ,दिप्रुङ चुइचुम्मा गाउँपालिका,"हुलाक कार्यालय, दिप्रुङ चुइचुम्मा गाउँपालिका",7,10507,11303
कोशी,खोटाङ,खोटेहाङ गाउँपालिका,"हुलाक कार्यालय, खोटेहाङ गाउँपालिका",9,10508,11307
कोशी,खोटाङ,जन्तेढुङ्गा गाउँपालिका,"हुलाक कार्यालय, जन्तेढुङ्गा गाउँपालिका",6,10509,11305
कोशी,खोटाङ,बराहपोखरी गाउँपालिका,"हुलाक कार्यालय, बराहपोखरी गाउँपालिका",6,10510,11302
कोशी,भोजपुर,षडानन्द नगरपालिका,"हुलाक कार्यालय, षडानन्द नगरपालिका",14,10601,11008
कोशी,भोजपुर,साल्पासिलिछो गाउँपालिका,"हुलाक कार्यालय, साल्पासिलिछो गाउँपालिका",6,10602,11007
कोशी,भोजपुर,टेम्केमैयुङ गाउँपालिका,"हुलाक कार्यालय, टेम्केमैयुङ गाउँपालिका",9,10603,11009
कोशी,भोजपुर,भोजपुर नगरपालिका,"जिल्ला हुलाक कार्यालय, भोजपुर",12,10604,11003
कोशी,भोजपुर,अरुण गाउँपालिका,"हुलाक कार्यालय, अरुण गाउँपालिका",7,10605,11002
कोशी,भोजपुर,पौवा दुङ्मा गाउँपालिका,"हुलाक कार्यालय, पौवा दुङ्मा गाउँपालिका",6,10606,11005
कोशी,भोजपुर,रामप्रसाद राई गाउँपालिका,"हुलाक कार्यालय, रामप्रसाद राई गाउँपालिका",8,10607,11006
कोशी,भोजपुर,हतुवागढी गाउँपालिका,"हुलाक कार्यालय, हतुवागढी गाउँपालिका",9,10608,11004
कोशी,भोजपुर,आमचोक गाउँपालिका,"हुलाक कार्यालय, आमचोक गाउँपालिका",10,10609,11001
कोशी,धनकुटा,महालक्ष्मी नगरपालिका,"हुलाक कार्यालय, महालक्ष्मी नगरपालिका",9,10701,10705
कोशी,धनकुटा,पाख्रिबास नगरपालिका,"हुलाक कार्यालय, पाख्रिबास नगरपालिका",10,10702,10706
कोशी,धनकुटा,छथर जोरपाटी गाउँपालिका,"हुलाक कार्यालय, छथर जोरपाटी गाउँपालिका",6,10703,10702
कोशी,धनकुटा,धनकुटा नगरपालिका,"जिल्ला हुलाक कार्यालय, धनकुटा",10,10704,10703
कोशी,धनकुटा,सहिदभुमी गाउँपालिका,"हुलाक कार्यालय, सहिदभुमी गाउँपालिका",7,10705,10707
कोशी,धनकुटा,साँगुरीगढी गाउँपालिका,"हुलाक कार्यालय, साँगुरीगढी गाउँपालिका",10,10706,10707
कोशी,धनकुटा,चौविसे गाउँपालिका,"हुलाक कार्यालय, चौविसे गाउँपालिका",8,10707,10701
कोशी,तेह्रथुम,आठराई गाउँपालिका,"हुलाक कार्यालय, आठराई गाउँपालिका",7,10801,10801
कोशी,तेह्रथुम,फेदाप गाउँपालिका,"हुलाक कार्यालय, फेदाप गाउँपालिका",5,10802,10806
कोशी,तेह्रथुम,मेन्छयायेम गाउँपालिका,"हुलाक कार्यालय, मेन्छयायेम गाउँपालिका",6,10803,10804
कोशी,तेह्रथुम,म्याङ्गलुङ्ग नगरपालिका,"जिल्ला हुलाक कार्यालय, तेह्रथुम",10,10804,10805
कोशी,तेह्रथुम,लालीगुराँस नगरपालिका,"हुलाक कार्यालय, लालीगुराँस नगरपालिका",9,10805,10803
कोशी,तेह्रथुम,छथर गाउँपालिका,"हुलाक कार्यालय, छथर गाउँपालिका",6,10806,10802
कोशी,पाँचथर,याङवरक गाउँपालिका,"हुलाक कार्यालय, याङवरक गाउँपालिका",6,10901,10208
कोशी,पाँचथर,हिलिहाङ्ग गाउँपालिका,"हुलाक कार्यालय, हिलिहाङ्ग गाउँपालिका",7,10902,10203
कोशी,पाँचथर,फालेलुङ्ग गाउँपालिका,"हुलाक कार्यालय, फालेलुङ्ग गाउँपालिका",8,10903,10201
कोशी,पाँचथर,फिदिम नगरपालिका,"जिल्ला हुलाक कार्यालय, पाँचथर",14,10904,10206
कोशी,पाँचथर,फाल्गुनन्द गाउँपालिका,"हुलाक कार्यालय, फाल्गुनन्द गाउँपालिका",7,10905,10202
कोशी,पाँचथर,कुम्मायक गाउँपालिका,"हुलाक कार्यालय, कुम्मायक गाउँपालिका",5,10906,10204
कोशी,पाँचथर,तुम्बेवा गाउँपालिका,"हुलाक कार्यालय, तुम्बेवा गाउँपालिका",5,10907,10207
कोशी,पाँचथर,मिक्लाजुङ गाउँपालिका,"हुलाक कार्यालय, मिक्लाजुङ गाउँपालिका",8,10908,10205
कोशी,इलाम,माई जोगमाई गाउँपालिका,"हुलाक कार्यालय, माई जोगमाई गाउँपालिका",6,11001,10306
कोशी,इलाम,सन्दकपुर गाउँपालिका,"हुलाक कार्यालय, सन्दकपुर गाउँपालिका",5,11002,10309
कोशी,इलाम,ईलाम नगरपालिका,"जिल्ला हुलाक कार्यालय, इलाम",12,11003,10304
कोशी,इलाम,देउमाई नगरपालिका,"हुलाक कार्यालय, देउमाई नगरपालिका",9,11004,10302
कोशी,इलाम,फाकफोकथुम गाउँपालिका,"हुलाक कार्यालय, फाकफोकथुम गाउँपालिका",7,11005,10303
कोशी,इलाम,माङसेबुङ गाउापालिका,"हुलाक कार्यालय, माङसेबुङ गाउापालिका",6,11006,10307
कोशी,इलाम,चुलाचुली गाउँपालिका,"हुलाक कार्यालय, चुलाचुली गाउँपालिका",6,11007,10301
कोशी,इलाम,माई नगरपालिका,"हुलाक कार्यालय, माई नगरपालिका",10,11008,10305
कोशी,इलाम,सूर्योदय नगरपालिका,"हुलाक कार्यालय, सूर्योदय नगरपालिका",14,11009,10310
कोशी,इलाम,रोङ गाउँपालिका,"हुलाक कार्यालय, रोङ गाउँपालिका",6,11010,10308
कोशी,झापा,मेचीनगर नगरपालिका,"हुलाक कार्यालय, मेचीनगर नगरपालिका",15,11101,10414
कोशी,झापा,बुद्धशान्ति गाउँपालिका,"हुलाक कार्यालय, बुद्धशान्ति गाउँपालिका",7,11102,10405
कोशी,झापा,अर्जुनधारा नगरपालिका,"हुलाक कार्यालय, अर्जुनधारा नगरपालिका",11,11103,10401
कोशी,झापा,कन्काई नगरपालिका,"हुलाक कार्यालय, कन्काई नगरपालिका",9,11104,10413
कोशी,झापा,शिवसताक्षी नगरपालिका,"हुलाक कार्यालय, शिवसताक्षी नगरपालिका",11,11105,10415
कोशी,झापा,कमल गाउँपालिका,"हुलाक कार्यालय, कमल गाउँपालिका",7,11106,10412
कोशी,झापा,दमक नगरपालिका,"हुलाक कार्यालय, दमक नगरपालिका",10,11107,10406
कोशी,झापा,गौरादह नगरपालिका,"हुलाक कार्यालय, गौरादह नगरपालिका",9,11108,10407
कोशी,झापा,गौरिगञ्ज गाउँपालिका,"हुलाक कार्यालय, गौरिगञ्ज गाउँपालिका",6,11109,10408
कोशी,झापा,झापा गाउँपालिका,"हुलाक कार्यालय, झापा गाउँपालिका",7,11110,10410
कोशी,झापा,बाह्रदशी गाउँपालिका,"हुलाक कार्यालय, बाह्रदशी गाउँपालिका",7,11111,10402
कोशी,झापा,बिर्तामोड नगरपालिका,"हुलाक कार्यालय, बिर्तामोड नगरपालिका",10,11112,10404
कोशी,झापा,हल्दीबारी गाउँपालिका,"हुलाक कार्यालय, हल्दीबारी गाउँपालिका",5,11113,10409
कोशी,झापा,भद्रपुर नगरपालिका,"जिल्ला हुलाक कार्यालय, झापा",10,11114,10403
कोशी,झापा,कचनकवल गाउँपालिका,"हुलाक कार्यालय, कचनकवल गाउँपालिका",7,11115,10411
कोशी,मोरङ,मिक्लाजुङ्ग गाउँपालिका,"हुलाक कार्यालय, मिक्लाजुङ्ग गाउँपालिका",9,11201,10511
कोशी,मोरङ,लेटाङ नगरपालिका,"हुलाक कार्यालय, लेटाङ नगरपालिका",9,11202,10510
कोशी,मोरङ,केराबारी गाउँपालिका,"हुलाक कार्यालय, केराबारी गाउँपालिका",10,11203,10509
कोशी,मोरङ,सुन्दरहरैंचा नगरपालिका,"हुलाक कार्यालय, सुन्दरहरैंचा नगरपालिका",12,11204,10515
कोशी,मोरङ,बेलबारी नगरपालिका,"हुलाक कार्यालय, बेलबारी नगरपालिका",11,11205,10501
कोशी,मोरङ,कानेपोखरी गाउँपालिका,"हुलाक कार्यालय, कानेपोखरी गाउँपालिका",7,11206,10507
कोशी,मोरङ,पथरी शनिश्चरे नगरपालिका,"हुलाक कार्यालय, पथरी शनिश्चरे नगरपालिका",10,11207,10512
कोशी,मोरङ,उर्लाबारी नगरपालिका,"हुलाक कार्यालय, उर्लाबारी नगरपालिका",9,11208,10517
कोशी,मोरङ,रतुवामाई नगरपालिका,"हुलाक कार्यालय, रतुवामाई नगरपालिका",10,11209,10514
कोशी,मोरङ,सुनवर्षी नगरपालिका,"हुलाक कार्यालय, सुनवर्षी नगरपालिका",9,11210,10516
कोशी,मोरङ,रंगेली नगरपालिका,"हुलाक कार्यालय, रंगेली नगरपालिका",9,11211,10513
कोशी,मोरङ,ग्रामथान गाउँपालिका,"हुलाक कार्यालय, ग्रामथान गाउँपालिका",7,11212,10505
कोशी,मोरङ,बुढीगंगा गाउँपालिका,"हुलाक कार्यालय, बुढीगंगा गाउँपालिका",7,11213,10503
कोशी,मोरङ,विराटनगर महानगरपालिका,"हुलाक निर्देशनालय, मोरङ्ग",19,11214,10502
कोशी,मोरङ,कटहरी गाउँपालिका,"हुलाक कार्यालय, कटहरी गाउँपालिका",7,11215,10508
कोशी,मोरङ,धनपालथान गाउँपालिका,"हुलाक कार्यालय, धनपालथान गाउँपालिका",7,11216,10504
कोशी,मोरङ,जहदा गाउँपालिका,"हुलाक कार्यालय, जहदा गाउँपालिका",7,11217,10506
कोशी,सुनसरी,धरान उपमहानगरपालिका,"जिल्ला हुलाक कार्यालय, सुनसरी",20,11301,10605
कोशी,सुनसरी,बराहक्षेत्र नगरपालिका,"हुलाक कार्यालय, बराहक्षेत्र नगरपालिका",11,11302,10601
कोशी,सुनसरी,कोशी गाउँपालिका,"हुलाक कार्यालय, कोशी गाउँपालिका",8,11303,10611
कोशी,सुनसरी,भोक्राहा नरसिंह गाउँपालिका,"हुलाक कार्यालय, भोक्राहा नरसिंह गाउँपालिका",8,11304,10603
कोशी,सुनसरी,रामधुनी नगरपालिका,"हुलाक कार्यालय, रामधुनी नगरपालिका",9,11305,10612
कोशी,सुनसरी,ईटहरी उपमहानगरपालिका,"हुलाक कार्यालय, ईटहरी उपमहानगरपालिका",20,11306,10610
कोशी,सुनसरी,दुहबी नगरपालिका,"हुलाक कार्यालय, दुहबी नगरपालिका",12,11307,10606
कोशी,सुनसरी,गढी गाउँपालिका,"हुलाक कार्यालय, गढी गाउँपालिका",6,11308,10607
कोशी,सुनसरी,इनरुवा नगरपालिका,"हुलाक कार्यालय, इनरुवा नगरपालिका",10,11309,10609
कोशी,सुनसरी,हरिनगर गाउँपालिका,"हुलाक कार्यालय, हरिनगर गाउँपालिका",7,11310,10608
कोशी,सुनसरी,देवानगन्ज गाउँपालिका,"हुलाक कार्यालय, देवानगन्ज गाउँपालिका",7,11311,10604
कोशी,सुनसरी,बर्जु गाउँपालिका,"हुलाक कार्यालय, बर्जु गाउँपालिका",6,11312,10602
कोशी,उदयपुर,बेलका नगरपालिका,"हुलाक कार्यालय, बेलका नगरपालिका",9,11401,11401
कोशी,उदयपुर,चौदण्डीगढी नगरपालिका,"हुलाक कार्यालय, चौदण्डीगढी नगरपालिका",10,11402,11402
कोशी,उदयपुर,त्रियुगा नगरपालिका,"जिल्ला हुलाक कार्यालय, उदयपुर",16,11403,11407
कोशी,उदयपुर,रौतामाई गाउँपालिका,"हुलाक कार्यालय, रौतामाई गाउँपालिका",8,11404,11404
कोशी,उदयपुर,लिम्चुङ्बुङ गाउँपालिका,"हुलाक कार्यालय, लिम्चुङ्बुङ गाउँपालिका",5,11405,11406
कोशी,उदयपुर,ताप्ली गाउँपालिका,"हुलाक कार्यालय, ताप्ली गाउँपालिका",5,11406,11406
कोशी,उदयपुर,कटारी नगरपालिका,"हुलाक कार्यालय, कटारी नगरपालिका",14,11407,11403
कोशी,उदयपुर,उदयपुरगढी गाउँपालिका,"हुलाक कार्यालय, उदयपुरगढी गाउँपालिका",8,11408,11408
मधेश,सप्तरी,सप्तकोशी नगरपालिका,"हुलाक कार्यालय, सप्तकोशी नगरपालिका",11,20101,21514
मधेश,सप्तरी,कन्चनरुप नगरपालिका,"हुलाक कार्यालय, कन्चनरुप नगरपालिका",12,20102,21509
मधेश,सप्तरी,अग्मीसयर कृष्ण सवरन गाउँपालिका,"हुलाक कार्यालय, अग्मीसयर कृष्ण सवरन गाउँपालिका",6,20103,21501
मधेश,सप्तरी,रुपनी गाउँपालिका,"हुलाक कार्यालय, रुपनी गाउँपालिका",6,20104,21513
मधेश,सप्तरी,शम्भुनाथ नगरपालिका,"हुलाक कार्यालय, शम्भुनाथ नगरपालिका",12,20105,21515
मधेश,सप्तरी,खडक नगरपालिका,"हुलाक कार्यालय, खडक नगरपालिका",11,20106,21510
मधेश,सप्तरी,सुरुङ्गा नगरपालिका,"हुलाक कार्यालय, सुरुङ्गा नगरपालिका",11,20107,21516
मधेश,सप्तरी,बलान बिहुल गाउँपालिका,"हुलाक कार्यालय, बलान बिहुल गाउँपालिका",6,20108,21502
मधेश,सप्तरी,बोदेबरसाईन नगरपालिका,"हुलाक कार्यालय, बोदेबरसाईन नगरपालिका",10,20109,21505
मधेश,सप्तरी,डाक्नेश्वरी नगरपालिका,"हुलाक कार्यालय, डाक्नेश्वरी नगरपालिका",10,20110,21507
मधेश,सप्तरी,राजगढ गाउँपालिका,"हुलाक कार्यालय, राजगढ गाउँपालिका",6,20111,21503
मधेश,सप्तरी,बिष्णुपुर गाउँपालिका,"हुलाक कार्यालय, बिष्णुपुर गाउँपालिका",7,20112,21504
मधेश,सप्तरी,राजविराज नगरपालिका,"जिल्ला हुलाक कार्यालय, सप्तरी",16,20113,21512
मधेश,सप्तरी,महादेवा गाउँपालिका,"हुलाक कार्यालय, महादेवा गाउँपालिका",6,20114,21511
मधेश,सप्तरी,तिरहुत गाउँपालिका,"हुलाक कार्यालय, तिरहुत गाउँपालिका",5,20115,21518
मधेश,सप्तरी,हनुमाननगर कङ्कालिनी नगरपालिका,"हुलाक कार्यालय, हनुमाननगर कङ्कालिनी नगरपालिका",14,20116,21508
मधेश,सप्तरी,तिलाठी कोईलाडी गाउँपालिका,"हुलाक कार्यालय, तिलाठी कोईलाडी गाउँपालिका",8,20117,21517
मधेश,सप्तरी,छिन्नमस्ता गाउँपालिका,"हुलाक कार्यालय, छिन्नमस्ता गाउँपालिका",7,20118,21506
मधेश,सिरहा,लहान नगरपालिका,"हुलाक कार्यालय, लहान नगरपालिका",24,20201,21610
मधेश,सिरहा,धनगढीमाई नगरपालिका,"हुलाक कार्यालय, धनगढीमाई नगरपालिका",14,20202,21606
मधेश,सिरहा,गोलबजार नगरपालिका,"हुलाक कार्यालय, गोलबजार नगरपालिका",13,20203,21607
मधेश,सिरहा,मिर्चेया नगरपालिका,"हुलाक कार्यालय, मिर्चेया नगरपालिका",12,20204,21612
मधेश,सिरहा,कर्जन्हा नगरपालिका,"हुलाक कार्यालय, कर्जन्हा नगरपालिका",11,20205,21609
मधेश,सिरहा,कल्याणपुर नगरपालिका,"हुलाक कार्यालय, कल्याणपुर नगरपालिका",12,20206,21608
मधेश,सिरहा,नरहा गाउँपालिका,"हुलाक कार्यालय, नरहा गाउँपालिका",5,20207,21613
मधेश,सिरहा,विष्णुपुर गाउँपालिका,"हुलाक कार्यालय, विष्णुपुर गाउँपालिका",5,20208,21605
मधेश,सिरहा,अर्नमा गाउँपालिका,"हुलाक कार्यालय, अर्नमा गाउँपालिका",5,20209,21601
मधेश,सिरहा,सुखीपुर नगरपालिका,"हुलाक कार्यालय, सुखीपुर नगरपालिका",10,20210,21617
मधेश,सिरहा,लक्ष्मीपुर पतारी गाउँपालिका,"हुलाक कार्यालय, लक्ष्मीपुर पतारी गाउँपालिका",6,20211,21611
मधेश,सिरहा,सखुवानान्कारकट्टी गाउँपालिका,"हुलाक कार्यालय, सखुवानान्कारकट्टी गाउँपालिका",5,20212,21615
मधेश,सिरहा,भगवानपुर गाउँपालिका,"हुलाक कार्यालय, भगवानपुर गाउँपालिका",5,20213,21604
मधेश,सिरहा,नवराजपुर गाउँपालिका,"हुलाक कार्यालय, नवराजपुर गाउँपालिका",5,20214,21614
मधेश,सिरहा,बरियारपट्टी गाउँपालिका,"हुलाक कार्यालय, बरियारपट्टी गाउँपालिका",5,20215,21603
मधेश,सिरहा,औरही गाउँपालिका,"हुलाक कार्यालय, औरही गाउँपालिका",5,20216,21602
मधेश,सिरहा,सिराहा नगरपालिका,"जिल्ला हुलाक कार्यालय, सिरहा",22,20217,21616
मधेश,धनुषा,गणेशमान चारनाथ नगरपालिका,"हुलाक कार्यालय, गणेशमान चारनाथ नगरपालिका",11,20301,21707
मधेश,धनुषा,धनुषाधाम नगरपालिका,"हुलाक कार्यालय, धनुषाधाम नगरपालिका",9,20302,21706
मधेश,धनुषा,मिथिला नगरपालिका,"हुलाक कार्यालय, मिथिला नगरपालिका",11,20303,21713
मधेश,धनुषा,बटेश्वर गाउँपालिका,"हुलाक कार्यालय, बटेश्वर गाउँपालिका",5,20304,21702
मधेश,धनुषा,क्षिरेश्वरनाथ नगरपालिका,"हुलाक कार्यालय, क्षिरेश्वरनाथ नगरपालिका",10,20305,21704
मधेश,धनुषा,लक्ष्मीनिया गाउँपालिका,"हुलाक कार्यालय, लक्ष्मीनिया गाउँपालिका",7,20306,21712
मधेश,धनुषा,मिथिला बिहारी नगरपालिका,"हुलाक कार्यालय, मिथिला बिहारी नगरपालिका",10,20307,21714
मधेश,धनुषा,हंसपुर नगरपालिका,"हुलाक कार्यालय, हंसपुर नगरपालिका",9,20308,21708
मधेश,धनुषा,सबैला नगरपालिका,"हुलाक कार्यालय, सबैला नगरपालिका",13,20309,21717
मधेश,धनुषा,शहीदनगर नगरपालिका,"हुलाक कार्यालय, शहीदनगर नगरपालिका",9,20310,21718
मधेश,धनुषा,कमला नगरपालिका,"हुलाक कार्यालय, कमला नगरपालिका",9,20311,21711
मधेश,धनुषा,जनक नन्दिनी गाउँपालिका,"हुलाक कार्यालय, जनक नन्दिनी गाउँपालिका",6,20312,21709
मधेश,धनुषा,बिदेह नगरपालिका,"हुलाक कार्यालय, बिदेह नगरपालिका",9,20313,21703
मधेश,धनुषा,औरही गाउँपालिका,"हुलाक कार्यालय, औरही गाउँपालिका",6,20314,21701
मधेश,धनुषा,जनकपुरधाम उपमहानगरपालिका,"हुलाक कार्यालय, जनकपुरधाम उपमहानगरपालिका",25,20315,21710
मधेश,धनुषा,धनौजी गाउँपालिका,"हुलाक कार्यालय, धनौजी गाउँपालिका",5,20316,21705
मधेश,धनुषा,नगराइन नगरपालिका,"हुलाक कार्यालय, नगराइन नगरपालिका",9,20317,21716
मधेश,धनुषा,मुखियापट्टी मुसहरमिया गाउँपालिका,"हुलाक कार्यालय, मुखियापट्टी मुसहरमिया गाउँपालिका",6,20318,21715
मधेश,महोत्तरी,बर्दिबास नगरपालिका,"हुलाक कार्यालय, बर्दिबास नगरपालिका",14,20401,21803
मधेश,महोत्तरी,गौशाला नगरपालिका,"हुलाक कार्यालय, गौशाला नगरपालिका",12,20402,21806
मधेश,महोत्तरी,सोनमा गाउँपालिका,"हुलाक कार्यालय, सोनमा गाउँपालिका",8,20403,21815
मधेश,महोत्तरी,औरही नगरपालिका,"हुलाक कार्यालय, औरही नगरपालिका",9,20404,21801
मधेश,महोत्तरी,भँगाहा नगरपालिका,"हुलाक कार्यालय, भँगाहा नगरपालिका",9,20405,21804
मधेश,महोत्तरी,लोहरपट्टी नगरपालिका,"हुलाक कार्यालय, लोहरपट्टी नगरपालिका",9,20406,21808
मधेश,महोत्तरी,बलवा नगरपालिका,"हुलाक कार्यालय, बलवा नगरपालिका",11,20407,21802
मधेश,महोत्तरी,राम गोपालपुर नगरपालिका,"हुलाक कार्यालय, राम गोपालपुर नगरपालिका",9,20408,21813
मधेश,महोत्तरी,साम्सी गाउँपालिका,"हुलाक कार्यालय, साम्सी गाउँपालिका",7,20409,21814
मधेश,महोत्तरी,मनरा शिसवा नगरपालिका,"हुलाक कार्यालय, मनरा शिसवा नगरपालिका",10,20410,21810
मधेश,महोत्तरी,एकडारा गाउँपालिका,"हुलाक कार्यालय, एकडारा गाउँपालिका",6,20411,21805
मधेश,महोत्तरी,महोत्तरी गाउँपालिका,"हुलाक कार्यालय, महोत्तरी गाउँपालिका",6,20412,21809
मधेश,महोत्तरी,पिपरा गाउँपालिका,"हुलाक कार्यालय, पिपरा गाउँपालिका",7,20413,21812
मधेश,महोत्तरी,मटिहानी नगरपालिका,"हुलाक कार्यालय, मटिहानी नगरपालिका",9,20414,21811
मधेश,महोत्तरी,जलेश्वर नगरपालिका,"जिल्ला हुलाक कार्यालय, महोत्तरी",12,20415,21807
मधेश,सर्लाही,लालबन्दी नगरपालिका,"हुलाक कार्यालय, लालबन्दी नगरपालिका",17,20501,21917
मधेश,सर्लाही,हरिवन नगरपालिका,"हुलाक कार्यालय, हरिवन नगरपालिका",11,20502,21913
मधेश,सर्लाही,बागमती नगरपालिका,"हुलाक कार्यालय, बागमती नगरपालिका",12,20503,21901
मधेश,सर्लाही,बरहथवा नगरपालिका,"हुलाक कार्यालय, बरहथवा नगरपालिका",18,20504,21903
मधेश,सर्लाही,हरिपुर नगरपालिका,"हुलाक कार्यालय, हरिपुर नगरपालिका",9,20505,21911
मधेश,सर्लाही,ईश्वरपुर नगरपालिका,"हुलाक कार्यालय, ईश्वरपुर नगरपालिका",15,20506,21914
मधेश,सर्लाही,हरिपुर्वा नगरपालिका,"हुलाक कार्यालय, हरिपुर्वा नगरपालिका",9,20507,21911
मधेश,सर्लाही,पर्सा गाउँपालिका,"हुलाक कार्यालय, पर्सा गाउँपालिका",6,20508,21919
मधेश,सर्लाही,ब्रह्मपुरी गाउँपालिका,"हुलाक कार्यालय, ब्रह्मपुरी गाउँपालिका",7,20509,21906
मधेश,सर्लाही,चन्द्रनगर गाउँपालिका,"हुलाक कार्यालय, चन्द्रनगर गाउँपालिका",7,20510,21908
मधेश,सर्लाही,कविलासी नगरपालिका,"हुलाक कार्यालय, कविलासी नगरपालिका",10,20511,21915
मधेश,सर्लाही,चक्रघट्टा गाउँपालिका,"हुलाक कार्यालय, चक्रघट्टा गाउँपालिका",9,20512,21907
मधेश,सर्लाही,बसबरिया गाउँपालिका,"हुलाक कार्यालय, बसबरिया गाउँपालिका",6,20513,21904
मधेश,सर्लाही,धनकौल गाउँपालिका,"हुलाक कार्यालय, धनकौल गाउँपालिका",7,20514,21909
मधेश,सर्लाही,रामनगर गाउँपालिका,"हुलाक कार्यालय, रामनगर गाउँपालिका",7,20515,21920
मधेश,सर्लाही,बलरा नगरपालिका,"हुलाक कार्यालय, बलरा नगरपालिका",11,20516,21902
मधेश,सर्लाही,गोडैटा नगरपालिका,"हुलाक कार्यालय, गोडैटा नगरपालिका",12,20517,21910
मधेश,सर्लाही,विष्णु गाउँपालिका,"हुलाक कार्यालय, विष्णु गाउँपालिका",8,20518,21905
मधेश,सर्लाही,कौडेना गाउँपालिका,"हुलाक कार्यालय, कौडेना गाउँपालिका",7,20519,21916
मधेश,सर्लाही,मलंगवा नगरपालिका,"जिल्ला हुलाक कार्यालय, सर्लाही",12,20520,21918
मधेश,रौतहट,चन्द्रपुर नगरपालिका,"हुलाक कार्यालय, चन्द्रपुर नगरपालिका",10,20601,23203
मधेश,रौतहट,गुजरा नगरपालिका,"हुलाक कार्यालय, गुजरा नगरपालिका",9,20602,23209
मधेश,रौतहट,फतुवा बिजयपुर नगरपालिका,"हुलाक कार्यालय, फतुवा बिजयपुर नगरपालिका",11,20603,23215
मधेश,रौतहट,कटहरिया नगरपालिका,"हुलाक कार्यालय, कटहरिया नगरपालिका",9,20604,23211
मधेश,रौतहट,बृन्दावन नगरपालिका,"हुलाक कार्यालय, बृन्दावन नगरपालिका",9,20605,23202
मधेश,रौतहट,गढीमाई नगरपालिका,"हुलाक कार्यालय, गढीमाई नगरपालिका",9,20606,23206
मधेश,रौतहट,माधव नारायण नगरपालिका,"हुलाक कार्यालय, माधव नारायण नगरपालिका",9,20607,23212
मधेश,रौतहट,गरुडा नगरपालिका,"हुलाक कार्यालय, गरुडा नगरपालिका",9,20608,23207
मधेश,रौतहट,देवाही गोनाही नगरपालिका,"हुलाक कार्यालय, देवाही गोनाही नगरपालिका",9,20609,23204
मधेश,रौतहट,मौलापुर नगरपालिका,"हुलाक कार्यालय, मौलापुर नगरपालिका",9,20610,23213
मधेश,रौतहट,बौधीमाई नगरपालिका,"हुलाक कार्यालय, बौधीमाई नगरपालिका",9,20611,23201
मधेश,रौतहट,परोहा नगरपालिका,"हुलाक कार्यालय, परोहा नगरपालिका",9,20612,23214
मधेश,रौतहट,राजपुर नगरपालिका,"हुलाक कार्यालय, राजपुर नगरपालिका",9,20613,23217
मधेश,रौतहट,यमुनामाई गाउँपालिका,"हुलाक कार्यालय, यमुनामाई गाउँपालिका",5,20614,23218
मधेश,रौतहट,दुर्गा भगवती गाउँपालिका,"हुलाक कार्यालय, दुर्गा भगवती गाउँपालिका",5,20615,23205
मधेश,रौतहट,राजदेवी नगरपालिका,"हुलाक कार्यालय, राजदेवी नगरपालिका",9,20616,23216
मधेश,रौतहट,गौर नगरपालिका,"जिल्ला हुलाक कार्यालय, रौतहट",9,20617,23208
मधेश,रौतहट,ईशनाथ नगरपालिका,"हुलाक कार्यालय, ईशनाथ नगरपालिका",9,20618,23210
मधेश,बारा,निजगढ नगरपालिका,"हुलाक कार्यालय, निजगढ नगरपालिका",13,20701,23310
मधेश,बारा,कोल्हवी नगरपालिका,"हुलाक कार्यालय, कोल्हवी नगरपालिका",11,20702,23308
मधेश,बारा,जीतपुर सिमरा उपमहानगरपालिका,"हुलाक कार्यालय, जीतपुर सिमरा उपमहानगरपालिका",24,20703,23305
मधेश,बारा,परवानीपुर गाउँपालिका,"हुलाक कार्यालय, परवानीपुर गाउँपालिका",5,20704,23312
मधेश,बारा,प्रसौनी गाउँपालिका,"हुलाक कार्यालय, प्रसौनी गाउँपालिका",7,20705,23314
मधेश,बारा,विश्रामपुर गाउँपालिका,"हुलाक कार्यालय, विश्रामपुर गाउँपालिका",5,20706,23303
मधेश,बारा,फेटा गाउँपालिका,"हुलाक कार्यालय, फेटा गाउँपालिका",7,20707,23313
मधेश,बारा,कलैया उपमहानगरपालिका,"जिल्ला हुलाक कार्यालय, बारा",27,20708,23306
मधेश,बारा,करैयामाई गाउँपालिका,"हुलाक कार्यालय, करैयामाई गाउँपालिका",8,20709,23307
मधेश,बारा,बारागढी गाउँपालिका,"हुलाक कार्यालय, बारागढी गाउँपालिका",6,20710,23302
मधेश,बारा,आदर्श कोटवाल गाउँपालिका,"हुलाक कार्यालय, आदर्श कोटवाल गाउँपालिका",8,20711,23301
मधेश,बारा,सिम्रौनगढ नगरपालिका,"हुलाक कार्यालय, सिम्रौनगढ नगरपालिका",11,20712,23315
मधेश,बारा,पचरौता नगरपालिका,"हुलाक कार्यालय, पचरौता नगरपालिका",9,20713,23311
मधेश,बारा,महागढीमाई नगरपालिका,"हुलाक कार्यालय, महागढीमाई नगरपालिका",11,20714,23309
मधेश,बारा,देवताल गाउँपालिका,"हुलाक कार्यालय, देवताल गाउँपालिका",7,20715,23304
मधेश,बारा,सुवर्ण गाउँपालिका,"हुलाक कार्यालय, सुवर्ण गाउँपालिका",8,20716,23316
मधेश,पर्सा,ठोरी (सुवर्णपुर) गाउँपालिका,"हुलाक कार्यालय, ठोरी (सुवर्णपुर) गाउँपालिका",5,20801,23414
मधेश,पर्सा,जिराभवानी गाउँपालिका,"हुलाक कार्यालय, जिराभवानी गाउँपालिका",5,20802,23407
मधेश,पर्सा,जगरनाथपुर गाउँपालिका,"हुलाक कार्यालय, जगरनाथपुर गाउँपालिका",6,20803,23406
मधेश,पर्सा,पटेर्वा सुगौली गाउँपालिका,"हुलाक कार्यालय, पटेर्वा सुगौली गाउँपालिका",5,20804,23411
मधेश,पर्सा,सखुवा प्रसौनी गाउँपालिका,"हुलाक कार्यालय, सखुवा प्रसौनी गाउँपालिका",6,20805,23413
मधेश,पर्सा,पर्सागढी नगरपालिका,"हुलाक कार्यालय, पर्सागढी नगरपालिका",9,20806,23410
मधेश,पर्सा,बिरगन्ज महानगरपालिका,"जिल्ला हुलाक कार्यालय, पर्सा",32,20807,23403
मधेश,पर्सा,बहुदरमाई नगरपालिका,"हुलाक कार्यालय, बहुदरमाई नगरपालिका",9,20808,23401
मधेश,पर्सा,पोखरिया नगरपालिका,"हुलाक कार्यालय, पोखरिया नगरपालिका",10,20809,23412
मधेश,पर्सा,कालिकामाई गाउँपालिका,"हुलाक कार्यालय, कालिकामाई गाउँपालिका",5,20810,23408
मधेश,पर्सा,धोबीनी गाउँपालिका,"हुलाक कार्यालय, धोबीनी गाउँपालिका",5,20811,23405
मधेश,पर्सा,छिपहरमाई गाउँपालिका,"हुलाक कार्यालय, छिपहरमाई गाउँपालिका",5,20812,23404
मधेश,पर्सा,पकाहा मैनपुर गाउँपालिका,"हुलाक कार्यालय, पकाहा मैनपुर गाउँपालिका",5,20813,23409
मधेश,पर्सा,बिन्दबासिनी गाउँपालिका,"हुलाक कार्यालय, बिन्दबासिनी गाउँपालिका",5,20814,23402
बागमती,दोलखा,गौरिशंकर गाउँपालिका,"हुलाक कार्यालय, गौरिशंकर गाउँपालिका",9,30101,32204
बागमती,दोलखा,बिगु गाउँपालिका,"हुलाक कार्यालय, बिगु गाउँपालिका",8,30102,32203
बागमती,दोलखा,कालिन्चोक गाउँपालिका,"हुलाक कार्यालय, कालिन्चोक गाउँपालिका",9,30103,32206
बागमती,दोलखा,बैतेस्वर गाउँपालिका,"हुलाक कार्यालय, बैतेस्वर गाउँपालिका",8,30104,32201
बागमती,दोलखा,जिरी नगरपालिका,"हुलाक कार्यालय, जिरी नगरपालिका",9,30105,32205
बागमती,दोलखा,तामाकोशी गाउँपालिका,"हुलाक कार्यालय, तामाकोशी गाउँपालिका",7,30106,32209
बागमती,दोलखा,मेलुङ्ग गाउँपालिका,"हुलाक कार्यालय, मेलुङ्ग गाउँपालिका",7,30107,32207
बागमती,दोलखा,शैलुङ गाउँपालिका,"हुलाक कार्यालय, शैलुङ गाउँपालिका",8,30108,32208
बागमती,दोलखा,भिमेश्वर नगरपालिका,"जिल्ला हुलाक कार्यालय, दोलखा",9,30109,32202
बागमती,सिन्धुपाल्चोक,भोटेकोशी गाउँपालिका,"हुलाक कार्यालय, भोटेकोशी गाउँपालिका",5,30201,32303
बागमती,सिन्धुपाल्चोक,जुगल गाउँपालिका,"हुलाक कार्यालय, जुगल गाउँपालिका",7,30202,32307
बागमती,सिन्धुपाल्चोक,पाँचपोखरी थाङपाल गाउँपालिका,"हुलाक कार्यालय, पाँचपोखरी थाङपाल गाउँपालिका",8,30203,32310
बागमती,सिन्धुपाल्चोक,हेलम्बु गाउँपालिका,"हुलाक कार्यालय, हेलम्बु गाउँपालिका",7,30204,32305
बागमती,सिन्धुपाल्चोक,मेलम्ची नगरपालिका,"हुलाक कार्यालय, मेलम्ची नगरपालिका",13,30205,32309
बागमती,सिन्धुपाल्चोक,ईन्द्रावती गाउँपालिका,"हुलाक कार्यालय, ईन्द्रावती गाउँपालिका",12,30206,32306
बागमती,सिन्धुपाल्चोक,चौतारा साँगाचोकगढी नगरपालिका,"जिल्ला हुलाक कार्यालय, सिन्धुपाल्चोक",14,30207,32304
बागमती,सिन्धुपाल्चोक,बलेफी गाउँपालिका,"हुलाक कार्यालय, बलेफी गाउँपालिका",8,30208,32301
बागमती,सिन्धुपाल्चोक,बाह्रबिसे नगरपालिका,"हुलाक कार्यालय, बाह्रबिसे नगरपालिका",9,30209,32302
बागमती,सिन्धुपाल्चोक,त्रिपुरासुन्दरी गाउँपालिका,"हुलाक कार्यालय, त्रिपुरासुन्दरी गाउँपालिका",6,30210,32312
बागमती,सिन्धुपाल्चोक,लिसंखु पाखर गाउँपालिका,"हुलाक कार्यालय, लिसंखु पाखर गाउँपालिका",7,30211,32308
बागमती,सिन्धुपाल्चोक,सुनकोशी गाउँपालिका,"हुलाक कार्यालय, सुनकोशी गाउँपालिका",7,30212,32311
बागमती,रसुवा,गोसाईकुण्ड गाउँपालिका,"जिल्ला हुलाक कार्यालय, रसुवा",6,30301,32901
बागमती,रसुवा,आमाछोदिङमो गाउँपालिका,"हुलाक कार्यालय, आमाछोदिङमो गाउँपालिका",5,30302,32904
बागमती,रसुवा,उत्तरगया गाउँपालिका,"हुलाक कार्यालय, उत्तरगया गाउँपालिका",5,30303,32905
बागमती,रसुवा,कालिका गाउँपालिका,"हुलाक कार्यालय, कालिका गाउँपालिका",5,30304,32902
बागमती,रसुवा,नौकुण्ड गाउँपालिका,"हुलाक कार्यालय, नौकुण्ड गाउँपालिका",6,30305,32903
बागमती,धादिङ,रुबी भ्याली गाउँपालिका,"हुलाक कार्यालय, रुबी भ्याली गाउँपालिका",6,30401,33010
बागमती,धादिङ,खनियाबास गाउँपालिका,"हुलाक कार्यालय, खनियाबास गाउँपालिका",5,30402,33007
बागमती,धादिङ,गंङ्गा जमुना गाउँपालिका,"हुलाक कार्यालय, गंङ्गा जमुना गाउँपालिका",7,30403,33005
बागमती,धादिङ,त्रिपुरासुन्दरी गाउँपालिका,"हुलाक कार्यालय, त्रिपुरासुन्दरी गाउँपालिका",7,30404,33013
बागमती,धादिङ,नेत्रावती डबजोङ गाउँपालिका,"हुलाक कार्यालय, नेत्रावती डबजोङ गाउँपालिका",5,30405,33008
बागमती,धादिङ,नीलकण्ठ नगरपालिका,"जिल्ला हुलाक कार्यालय, धादिङ",14,30406,33009
बागमती,धादिङ,ज्वालामुखी गाउँपालिका,"हुलाक कार्यालय, ज्वालामुखी गाउँपालिका",7,30407,33006
बागमती,धादिङ,सिद्धलेक गाउँपालिका,"हुलाक कार्यालय, सिद्धलेक गाउँपालिका",7,30408,33011
बागमती,धादिङ,बेनीघाट रोराङ्ग गाउँपालिका,"हुलाक कार्यालय, बेनीघाट रोराङ्ग गाउँपालिका",10,30409,33001
बागमती,धादिङ,गजुरी गाउँपालिका,"हुलाक कार्यालय, गजुरी गाउँपालिका",8,30410,33003
बागमती,धादिङ,गल्छी गाउँपालिका,"हुलाक कार्यालय, गल्छी गाउँपालिका",8,30411,33004
बागमती,धादिङ,थाक्रे गाउँपालिका,"हुलाक कार्यालय, थाक्रे गाउँपालिका",11,30412,33012
बागमती,धादिङ,धुनीबेंशी नगरपालिका,"हुलाक कार्यालय, धुनीबेंशी नगरपालिका",9,30413,33002
बागमती,नुवाकोट,दुप्चेश्वर गाउँपालिका,"हुलाक कार्यालय, दुप्चेश्वर गाउँपालिका",7,30501,32803
बागमती,नुवाकोट,तादी गाउँपालिका,"हुलाक कार्यालय, तादी गाउँपालिका",6,30502,32811
बागमती,नुवाकोट,सुर्यगढी गाउँपालिका,"हुलाक कार्यालय, सुर्यगढी गाउँपालिका",5,30503,32810
बागमती,नुवाकोट,बिदुर नगरपालिका,"जिल्ला हुलाक कार्यालय, नुवाकोट",13,30504,32802
बागमती,नुवाकोट,किस्पाङ्ग गाउँपालिका,"हुलाक कार्यालय, किस्पाङ्ग गाउँपालिका",5,30505,32805
बागमती,नुवाकोट,म्यगङ गाउँपालिका,"हुलाक कार्यालय, म्यगङ गाउँपालिका",6,30506,32807
बागमती,नुवाकोट,तारकेश्वर गाउँपालिका,"हुलाक कार्यालय, तारकेश्वर गाउँपालिका",6,30507,32812
बागमती,नुवाकोट,बेलकोटगढी नगरपालिका,"हुलाक कार्यालय, बेलकोटगढी नगरपालिका",13,30508,32801
बागमती,नुवाकोट,लिखु गाउँपालिका,"हुलाक कार्यालय, लिखु गाउँपालिका",6,30509,32806
बागमती,नुवाकोट,पन्चकन्या गाउँपालिका,"हुलाक कार्यालय, पन्चकन्या गाउँपालिका",5,30510,32808
बागमती,नुवाकोट,शिवपुरी गाउँपालिका,"हुलाक कार्यालय, शिवपुरी गाउँपालिका",8,30511,32809
बागमती,नुवाकोट,ककनी गाउँपालिका,"हुलाक कार्यालय, ककनी गाउँपालिका",8,30512,32804
बागमती,काठमाडौँ,शंङ्खरापुर नगरपालिका,"हुलाक कार्यालय, शंङ्खरापुर नगरपालिका",9,30601,32709
बागमती,काठमाडौँ,कागेश्वरी मनहरा नगरपालिका,"हुलाक कार्यालय, कागेश्वरी मनहरा नगरपालिका",9,30602,32705
बागमती,काठमाडौँ,गोकर्णेश्वर नगरपालिका,"हुलाक कार्यालय, गोकर्णेश्वर नगरपालिका",9,30603,32704
बागमती,काठमाडौँ,बुढानिलकण्ठ नगरपालिका,"हुलाक कार्यालय, बुढानिलकण्ठ नगरपालिका",13,30604,32701
बागमती,काठमाडौँ,टोखा नगरपालिका,"हुलाक कार्यालय, टोखा नगरपालिका",11,30605,32711
बागमती,काठमाडौँ,तारकेश्वर नगरपालिका,"हुलाक कार्यालय, तारकेश्वर नगरपालिका",11,30606,32710
बागमती,काठमाडौँ,नागार्जुन नगरपालिका,"हुलाक कार्यालय, नागार्जुन नगरपालिका",10,30607,32708
बागमती,काठमाडौँ,काठमाण्डौ महानगरपालिका,"गोश्वारा हुलाक कार्यालय, काठमाडौँ",32,30608,32706
बागमती,काठमाडौँ,किर्तिपुर नगरपालिका,"हुलाक कार्यालय, किर्तिपुर नगरपालिका",10,30609,32707
बागमती,काठमाडौँ,चन्द्रागिरी नगरपालिका,"हुलाक कार्यालय, चन्द्रागिरी नगरपालिका",15,30610,32702
बागमती,काठमाडौँ,दक्षिणकाली नगरपालिका,"हुलाक कार्यालय, दक्षिणकाली नगरपालिका",9,30611,32703
बागमती,भक्तपुर,चाँगुनारायण नगरपालिका,"हुलाक कार्यालय, चाँगुनारायण नगरपालिका",9,30701,32602
बागमती,भक्तपुर,भक्तपुर नगरपालिका,"जिल्ला हुलाक कार्यालय, भक्तपुर",10,30702,32601
बागमती,भक्तपुर,मध्यपुर थिमी नगरपालिका,"हुलाक कार्यालय, मध्यपुर थिमी नगरपालिका",9,30703,32603
बागमती,भक्तपुर,सूर्यविनायक नगरपालिका,"हुलाक कार्यालय, सूर्यविनायक नगरपालिका",10,30704,32604
बागमती,ललितपुर,महालक्ष्मी नगरपालिका,"हुलाक कार्यालय, महालक्ष्मी नगरपालिका",10,30801,32505
बागमती,ललितपुर,ललितपुर महानगरपालिका,"जिल्ला हुलाक कार्यालय, ललितपुर",29,30802,32504
बागमती,ललितपुर,गोदावरी नगरपालिका,"हुलाक कार्यालय, गोदावरी नगरपालिका",14,30803,32502
बागमती,ललितपुर,कोन्ज्योसोम गाउँपालिका,"हुलाक कार्यालय, कोन्ज्योसोम गाउँपालिका",5,30804,32503
बागमती,ललितपुर,महाङ्काल गाउँपालिका,"हुलाक कार्यालय, महाङ्काल गाउँपालिका",6,30805,32506
बागमती,ललितपुर,बाग्मती गाउँपालिका,"हुलाक कार्यालय, बाग्मती गाउँपालिका",7,30806,32501
बागमती,काभ्रेपलाञ्चोक,चौरीदेउराली गाउँपालिका,"हुलाक कार्यालय, चौरीदेउराली गाउँपालिका",9,30901,32404
बागमती,काभ्रेपलाञ्चोक,भुम्लु गाउँपालिका,"हुलाक कार्यालय, भुम्लु गाउँपालिका",10,30902,32403
बागमती,काभ्रेपलाञ्चोक,मण्डन देउपुर नगरपालिका,"हुलाक कार्यालय, मण्डन देउपुर नगरपालिका",12,30903,32408
बागमती,काभ्रेपलाञ्चोक,बनेपा नगरपालिका,"हुलाक कार्यालय, बनेपा नगरपालिका",14,30904,32401
बागमती,काभ्रेपलाञ्चोक,धुलिखेल नगरपालिका,"जिल्ला हुलाक कार्यालय, काभ्रेपलाञ्चोक",12,30905,32405
बागमती,काभ्रेपलाञ्चोक,पाँचखाल नगरपालिका,"हुलाक कार्यालय, पाँचखाल नगरपालिका",13,30906,32411
बागमती,काभ्रेपलाञ्चोक,तेमाल गाउँपालिका,"हुलाक कार्यालय, तेमाल गाउँपालिका",9,30907,32413
बागमती,काभ्रेपलाञ्चोक,नमोबुद्ध नगरपालिका,"हुलाक कार्यालय, नमोबुद्ध नगरपालिका",11,30908,32409
बागमती,काभ्रेपलाञ्चोक,पनौती नगरपालिका,"हुलाक कार्यालय, पनौती नगरपालिका",12,30909,32410
बागमती,काभ्रेपलाञ्चोक,बेथानचोक गाउँपालिका,"हुलाक कार्यालय, बेथानचोक गाउँपालिका",6,30910,32402
बागमती,काभ्रेपलाञ्चोक,रोशी गाउँपालिका,"हुलाक कार्यालय, रोशी गाउँपालिका",12,30911,32412
बागमती,काभ्रेपलाञ्चोक,महाभारत गाउँपालिका,"हुलाक कार्यालय, महाभारत गाउँपालिका",8,30912,32407
बागमती,काभ्रेपलाञ्चोक,खानीखोला गाउँपालिका,"हुलाक कार्यालय, खानीखोला गाउँपालिका",7,30913,32406
बागमती,रामेछाप,उमाकुण्ड गाउँपालिका,"हुलाक कार्यालय, उमाकुण्ड गाउँपालिका",7,31001,32108
बागमती,रामेछाप,गोकुलगङ्गा गाउँपालिका,"हुलाक कार्यालय, गोकुलगङ्गा गाउँपालिका",6,31002,32102
बागमती,रामेछाप,लिखु तामाकोसी गाउँपालिका,"हुलाक कार्यालय, लिखु तामाकोसी गाउँपालिका",7,31003,32104
बागमती,रामेछाप,रामेछाप नगरपालिका,"हुलाक कार्यालय, रामेछाप नगरपालिका",9,31004,32106
बागमती,रामेछाप,मन्थली नगरपालिका,"जिल्ला हुलाक कार्यालय, रामेछाप",14,31005,32105
बागमती,रामेछाप,खाँडादेवी गाउँपालिका,"हुलाक कार्यालय, खाँडादेवी गाउँपालिका",9,31006,32103
बागमती,रामेछाप,दोरम्बा गाउँपालिका,"हुलाक कार्यालय, दोरम्बा गाउँपालिका",7,31007,32101
बागमती,रामेछाप,सुनापती गाउँपालिका,"हुलाक कार्यालय, सुनापती गाउँपालिका",5,31008,32107
बागमती,सिन्धुली,दुधौली नगरपालिका,"हुलाक कार्यालय, दुधौली नगरपालिका",14,31101,32001
बागमती,सिन्धुली,फिक्कल गाउँपालिका,"हुलाक कार्यालय, फिक्कल गाउँपालिका",6,31102,32007
बागमती,सिन्धुली,तीनपाटन गाउँपालिका,"हुलाक कार्यालय, तीनपाटन गाउँपालिका",11,31103,32009
बागमती,सिन्धुली,गोलन्जोर गाउँपालिका,"हुलाक कार्यालय, गोलन्जोर गाउँपालिका",7,31104,32003
बागमती,सिन्धुली,कमलामाई नगरपालिका,"जिल्ला हुलाक कार्यालय, सिन्धुली",14,31105,32005
बागमती,सिन्धुली,सुनकोशी गाउँपालिका,"हुलाक कार्यालय, सुनकोशी गाउँपालिका",7,31106,32008
बागमती,सिन्धुली,ध्याङलेख गाउँपालिका,"हुलाक कार्यालय, ध्याङलेख गाउँपालिका",5,31107,32002
बागमती,सिन्धुली,मरिण गाउँपालिका,"हुलाक कार्यालय, मरिण गाउँपालिका",7,31108,32006
बागमती,सिन्धुली,हरिहरपुरगढी गाउँपालिका,"हुलाक कार्यालय, हरिहरपुरगढी गाउँपालिका",8,31109,32004
बागमती,मकवानपुर,ईन्द्रसरोवर गाउँपालिका,"हुलाक कार्यालय, ईन्द्रसरोवर गाउँपालिका",5,31201,33105
बागमती,मकवानपुर,थाहा नगरपालिका,"हुलाक कार्यालय, थाहा नगरपालिका",12,31202,33110
बागमती,मकवानपुर,कैलाश गाउँपालिका,"हुलाक कार्यालय, कैलाश गाउँपालिका",10,31203,33106
बागमती,मकवानपुर,राक्सिराङ्ग गाउँपालिका,"हुलाक कार्यालय, राक्सिराङ्ग गाउँपालिका",9,31204,33109
बागमती,मकवानपुर,मनहरी गाउँपालिका,"हुलाक कार्यालय, मनहरी गाउँपालिका",9,31205,33108
बागमती,मकवानपुर,हेटौडा उपमहानगरपालिका,"जिल्ला हुलाक कार्यालय, मकवानपुर",19,31206,33104
बागमती,मकवानपुर,भिमफेदी गाउँपालिका,"हुलाक कार्यालय, भिमफेदी गाउँपालिका",9,31207,33103
बागमती,मकवानपुर,मकवानपुरगढी गाउँपालिका,"हुलाक कार्यालय, मकवानपुरगढी गाउँपालिका",8,31208,33107
बागमती,मकवानपुर,बकैया गाउँपालिका,"हुलाक कार्यालय, बकैया गाउँपालिका",12,31209,33102
बागमती,मकवानपुर,बाग्मती गाउँपालिका,"हुलाक कार्यालय, बाग्मती गाउँपालिका",9,31210,33101
बागमती,चितवन,राप्ती नगरपालिका,"हुलाक कार्यालय, राप्ती नगरपालिका",13,31301,33506
बागमती,चितवन,कालिका नगरपालिका,"हुलाक कार्यालय, कालिका नगरपालिका",11,31302,33503
बागमती,चितवन,इच्छाकामना गाउँपालिका,"हुलाक कार्यालय, इच्छाकामना गाउँपालिका",7,31303,33502
बागमती,चितवन,भरतपुर महानगरपालिका,"जिल्ला हुलाक कार्यालय, चितवन",29,31304,33501
बागमती,चितवन,रत्ननगर नगरपालिका,"हुलाक कार्यालय, रत्ननगर नगरपालिका",16,31305,33507
बागमती,चितवन,खैरहनी नगरपालिका,"हुलाक कार्यालय, खैरहनी नगरपालिका",13,31306,33504
बागमती,चितवन,माडी नगरपालिका,"हुलाक कार्यालय, माडी नगरपालिका",9,31307,33505
गण्डकी,गोरखा,चुमनुब्री गाउँपालिका,"हुलाक कार्यालय, चुमनुब्री गाउँपालिका",7,40101,43604
गण्डकी,गोरखा,अजिरकोट गाउँपालिका,"हुलाक कार्यालय, अजिरकोट गाउँपालिका",5,40102,43602
गण्डकी,गोरखा,बारपाक सुलिकोट गाउँपालिका,"हुलाक कार्यालय, बारपाक सुलिकोट गाउँपालिका",8,40103,43611
गण्डकी,गोरखा,धार्चे गाउँपालिका,"हुलाक कार्यालय, धार्चे गाउँपालिका",7,40104,43605
गण्डकी,गोरखा,आरुघाट गाउँपालिका,"हुलाक कार्यालय, आरुघाट गाउँपालिका",10,40105,43601
गण्डकी,गोरखा,भिमसेनथापा गाउँपालिका,"हुलाक कार्यालय, भिमसेनथापा गाउँपालिका",8,40106,43603
गण्डकी,गोरखा,सिरानचोक गाउँपालिका,"हुलाक कार्यालय, सिरानचोक गाउँपालिका",8,40107,43610
गण्डकी,गोरखा,पालुङ्गटार नगरपालिका,"हुलाक कार्यालय, पालुङ्गटार नगरपालिका",10,40108,43608
गण्डकी,गोरखा,गोरखा नगरपालिका,"जिल्ला हुलाक कार्यालय, गोरखा",14,40109,43607
गण्डकी,गोरखा,शहीद लखन गाउँपालिका,"हुलाक कार्यालय, शहीद लखन गाउँपालिका",9,40110,43609
गण्डकी,गोरखा,गण्डकी गाउँपालिका,"हुलाक कार्यालय, गण्डकी गाउँपालिका",8,40111,43606
गण्डकी,मनाङ,नार्पा भूमि गाउँपालिका,"हुलाक कार्यालय, नार्पा भूमि गाउँपालिका",5,40201,44102
गण्डकी,मनाङ,मनाङ ङिस्याङ गाउँपालिका,"हुलाक कार्यालय, मनाङ ङिस्याङ गाउँपालिका",9,40202,44104
गण्डकी,मनाङ,चामे गाउँपालिका,"जिल्ला हुलाक कार्यालय, मनाङ",5,40203,44101
गण्डकी,मनाङ,नासों गाउँपालिका,"हुलाक कार्यालय, नासों गाउँपालिका",9,40204,44103
गण्डकी,मुस्ताङ,लो घेकर दामोदरकुण्ड गाउँपालिका,"हुलाक कार्यालय, लो घेकर दामोदरकुण्ड गाउँपालिका",5,40301,44202
गण्डकी,मुस्ताङ,घरपझोङ गाउँपालिका,"जिल्ला हुलाक कार्यालय, मुस्ताङ",5,40302,44203
गण्डकी,मुस्ताङ,वारागुङ मुक्तिक्षेत्र गाउँपालिका,"हुलाक कार्यालय, वारागुङ मुक्तिक्षेत्र गाउँपालिका",5,40303,44201
गण्डकी,मुस्ताङ,लोमन्थाङ गाउँपालिका,"हुलाक कार्यालय, लोमन्थाङ गाउँपालिका",5,40304,44204
गण्डकी,मुस्ताङ,थासाङ गाउँपालिका,"हुलाक कार्यालय, थासाङ गाउँपालिका",5,40305,44205
गण्डकी,म्याग्दी,अन्नपूर्ण गाउँपालिका,"हुलाक कार्यालय, अन्नपूर्ण गाउँपालिका",8,40401,44301
गण्डकी,म्याग्दी,रघुगंगा गाउँपालिका,"हुलाक कार्यालय, रघुगंगा गाउँपालिका",8,40402,44306
गण्डकी,म्याग्दी,धवलागिरी गाउँपालिका,"हुलाक कार्यालय, धवलागिरी गाउँपालिका",7,40403,44303
गण्डकी,म्याग्दी,मालिका गाउँपालिका,"हुलाक कार्यालय, मालिका गाउँपालिका",7,40404,44304
गण्डकी,म्याग्दी,मंगला गाउँपालिका,"हुलाक कार्यालय, मंगला गाउँपालिका",5,40405,44305
गण्डकी,म्याग्दी,बेनी नगरपालिका,"जिल्ला हुलाक कार्यालय, म्याग्दी",10,40406,44302
गण्डकी,कास्की,मादी गाउँपालिका,"हुलाक कार्यालय, मादी गाउँपालिका",12,40501,44003
गण्डकी,कास्की,माछापुच्छ्रे गाउँपालिका,"हुलाक कार्यालय, माछापुच्छ्रे गाउँपालिका",9,40502,44002
गण्डकी,कास्की,अन्नपूर्ण गाउँपालिका,"हुलाक कार्यालय, अन्नपूर्ण गाउँपालिका",11,40503,44001
गण्डकी,कास्की,पोखरा महानगरपालिका,"हुलाक निर्देशनालय, कास्की",33,40504,44004
गण्डकी,कास्की,रूपा गाउँपालिका,"हुलाक कार्यालय, रूपा गाउँपालिका",7,40505,44005
गण्डकी,लमजुङ,दोर्दी गाउँपालिका,"हुलाक कार्यालय, दोर्दी गाउँपालिका",9,40601,43702
गण्डकी,लमजुङ,मस्र्याङ्गदी गाउँपालिका,"हुलाक कार्यालय, मस्र्याङ्गदी गाउँपालिका",9,40602,43706
गण्डकी,लमजुङ,क्ब्होलासोथार गाउँपालिका,"हुलाक कार्यालय, क्ब्होलासोथार गाउँपालिका",9,40603,43704
गण्डकी,लमजुङ,मध्यनेपाल नगरपालिका,"हुलाक कार्यालय, मध्यनेपाल नगरपालिका",10,40604,43705
गण्डकी,लमजुङ,बेंसीशहर नगरापालिका,"जिल्ला हुलाक कार्यालय, लमजुङ",11,40605,43701
गण्डकी,लमजुङ,सुन्दरबजार नगरपालिका,"हुलाक कार्यालय, सुन्दरबजार नगरपालिका",11,40606,43708
गण्डकी,लमजुङ,राईनास नगरपालिका,"हुलाक कार्यालय, राईनास नगरपालिका",10,40607,43707
गण्डकी,लमजुङ,दुधपोखरी गाउँपालिका,"हुलाक कार्यालय, दुधपोखरी गाउँपालिका",6,40608,43703
गण्डकी,तनहुँ,भानु नगरपालिका,"हुलाक कार्यालय, भानु नगरपालिका",13,40701,43803
गण्डकी,तनहुँ,ब्यास नगरपालिका,"जिल्ला हुलाक कार्यालय, तनहुँ",14,40702,43805
गण्डकी,तनहुँ,म्याग्दे गाउँपालिका,"हुलाक कार्यालय, म्याग्दे गाउँपालिका",7,40703,43808
गण्डकी,तनहुँ,शुक्लागण्डकी नगरपालिका,"हुलाक कार्यालय, शुक्लागण्डकी नगरपालिका",12,40704,43810
गण्डकी,तनहुँ,भिमाद नगरपालिका,"हुलाक कार्यालय, भिमाद नगरपालिका",9,40705,43804
गण्डकी,तनहुँ,घिरिङ्ग गाउँपालिका,"हुलाक कार्यालय, घिरिङ्ग गाउँपालिका",5,40706,43807
गण्डकी,तनहुँ,ऋषिङ्ग गाउँपालिका,"हुलाक कार्यालय, ऋषिङ्ग गाउँपालिका",8,40707,43809
गण्डकी,तनहुँ,देवघाट गाउँपालिका,"हुलाक कार्यालय, देवघाट गाउँपालिका",5,40708,43806
गण्डकी,तनहुँ,बन्दिपुर गाउँपालिका,"हुलाक कार्यालय, बन्दिपुर गाउँपालिका",6,40709,43802
गण्डकी,तनहुँ,आँबुखैरेनी गाउँपालिका,"हुलाक कार्यालय, आँबुखैरेनी गाउँपालिका",6,40710,43801
गण्डकी,नवलपरासी (बर्दघाट सुस्ता पूर्व),गैडाकोट नगरपालिका,"हुलाक कार्यालय, गैडाकोट नगरपालिका",18,40801,47605
गण्डकी,नवलपरासी (बर्दघाट सुस्ता पूर्व),बुलिङ्गटार गाउँपालिका,"हुलाक कार्यालय, बुलिङ्गटार गाउँपालिका",6,40802,47602
गण्डकी,नवलपरासी (बर्दघाट सुस्ता पूर्व),बौदीकाली गाउँपालिका,"हुलाक कार्यालय, बौदीकाली गाउँपालिका",6,40803,47603
गण्डकी,नवलपरासी (बर्दघाट सुस्ता पूर्व),हुप्सेकोट गाउँपालिका,"हुलाक कार्यालय, हुप्सेकोट गाउँपालिका",6,40804,47606
गण्डकी,नवलपरासी (बर्दघाट सुस्ता पूर्व),देवचुली नगरपालिका,"हुलाक कार्यालय, देवचुली नगरपालिका",17,40805,47604
गण्डकी,नवलपरासी (बर्दघाट सुस्ता पूर्व),कावासोती नगरपालिका,"जिल्ला हुलाक कार्यालय, नवलपरासी (बर्दघाट सुस्ता पूर्व)",17,40806,47607
गण्डकी,नवलपरासी (बर्दघाट सुस्ता पूर्व),मध्यबिन्दु नगरपालिका,"हुलाक कार्यालय, मध्यबिन्दु नगरपालिका",15,40807,47608
गण्डकी,नवलपरासी (बर्दघाट सुस्ता पूर्व),बिनयी त्रिवेणी गाउँपालिका,"हुलाक कार्यालय, बिनयी त्रिवेणी गाउँपालिका",7,40808,47601
गण्डकी,स्याङजा,पुतलीबजार नगरपालिका,"जिल्ला हुलाक कार्यालय, स्याङजा",14,40901,43910
गण्डकी,स्याङजा,फेदीखोला गाउँपालिका,"हुलाक कार्यालय, फेदीखोला गाउँपालिका",5,40902,43909
गण्डकी,स्याङजा,आँधिखोला गाउँपालिका,"हुलाक कार्यालय, आँधिखोला गाउँपालिका",6,40903,43901
गण्डकी,स्याङजा,अर्जुनचौपारी गाउँपालिका,"हुलाक कार्यालय, अर्जुनचौपारी गाउँपालिका",6,40904,43902
गण्डकी,स्याङजा,भीरकोट नगरपालिका,"हुलाक कार्यालय, भीरकोट नगरपालिका",9,40905,43903
गण्डकी,स्याङजा,बिरुवा गाउँपालिका,"हुलाक कार्यालय, बिरुवा गाउँपालिका",8,40906,43904
गण्डकी,स्याङजा,हरिनास गाउँपालिका,"हुलाक कार्यालय, हरिनास गाउँपालिका",7,40907,43907
गण्डकी,स्याङजा,चापाकोट नगरपालिका,"हुलाक कार्यालय, चापाकोट नगरपालिका",10,40908,43905
गण्डकी,स्याङजा,वालिङ्ग नगरपालिका,"हुलाक कार्यालय, वालिङ्ग नगरपालिका",14,40909,43911
गण्डकी,स्याङजा,गल्याङ नगरपालिका,"हुलाक कार्यालय, गल्याङ नगरपालिका",11,40910,43906
गण्डकी,स्याङजा,कालीगण्डकी गाउँपालिका,"हुलाक कार्यालय, कालीगण्डकी गाउँपालिका",7,40911,43908
गण्डकी,पर्वत,मोदी गाउँपालिका,"हुलाक कार्यालय, मोदी गाउँपालिका",8,41001,44405
गण्डकी,पर्वत,जलजला गाउँपालिका,"हुलाक कार्यालय, जलजला गाउँपालिका",9,41002,44402
गण्डकी,पर्वत,कुश्मा नगरपालिका,"जिल्ला हुलाक कार्यालय, पर्वत",14,41003,44403
गण्डकी,पर्वत,फलेबास नगरपालिका,"हुलाक कार्यालय, फलेबास नगरपालिका",11,41004,44407
गण्डकी,पर्वत,महाशिला गाउँपालिका,"हुलाक कार्यालय, महाशिला गाउँपालिका",6,41005,44404
गण्डकी,पर्वत,बिहादी गाउँपालिका,"हुलाक कार्यालय, बिहादी गाउँपालिका",6,41006,44401
गण्डकी,पर्वत,पैयुं गाउँपालिका,"हुलाक कार्यालय, पैयुं गाउँपालिका",7,41007,44406
गण्डकी,बागलुङ,बाग्लुङ्ग नगरपालिका,"जिल्ला हुलाक कार्यालय, बागलुङ",14,41101,44502
गण्डकी,बागलुङ,काठेखोला गाउँपालिका,"हुलाक कार्यालय, काठेखोला गाउँपालिका",8,41102,44507
गण्डकी,बागलुङ,ताराखोला गाउँपालिका,"हुलाक कार्यालय, ताराखोला गाउँपालिका",5,41103,44510
गण्डकी,बागलुङ,तमानखोला गाउँपालिका,"हुलाक कार्यालय, तमानखोला गाउँपालिका",6,41104,44509
गण्डकी,बागलुङ,ढोरपाटन नगरपालिका,"हुलाक कार्यालय, ढोरपाटन नगरपालिका",9,41105,44504
गण्डकी,बागलुङ,निसीखोला गाउँपालिका,"हुलाक कार्यालय, निसीखोला गाउँपालिका",7,41106,44508
गण्डकी,बागलुङ,बडिगाड गाउँपालिका,"हुलाक कार्यालय, बडिगाड गाउँपालिका",10,41107,44501
गण्डकी,बागलुङ,गल्कोट नगरपालिका,"हुलाक कार्यालय, गल्कोट नगरपालिका",11,41108,44505
गण्डकी,बागलुङ,बरेङ गाउँपालिका,"हुलाक कार्यालय, बरेङ गाउँपालिका",5,41109,44503
गण्डकी,बागलुङ,जैमिनी नगरपालिका,"हुलाक कार्यालय, जैमिनी नगरपालिका",10,41110,44506
लुम्बिनी,रुकुम (पूर्वी भाग),पुथा उत्तरगंगा गाउँपालिका,"हुलाक कार्यालय, पुथा उत्तरगंगा गाउँपालिका",14,50101,57702
लुम्बिनी,रुकुम (पूर्वी भाग),सिस्ने गाउँपालिका,"जिल्ला हुलाक कार्यालय, रुकुम (पूर्वी भाग)",8,50102,57703
लुम्बिनी,रुकुम (पूर्वी भाग),भूमे गाउँपालिका,"हुलाक कार्यालय, भूमे गाउँपालिका",9,50103,57701
लुम्बिनी,रोल्पा,सुनछहरी गाउँपालिका,"हुलाक कार्यालय, सुनछहरी गाउँपालिका",7,50201,55307
लुम्बिनी,रोल्पा,थबाङ्ग गाउँपालिका,"हुलाक कार्यालय, थबाङ्ग गाउँपालिका",5,50202,55309
लुम्बिनी,रोल्पा,परिवर्तन गाउँपालिका,"हुलाक कार्यालय, परिवर्तन गाउँपालिका",6,50203,55301
लुम्बिनी,रोल्पा,ग‌गादेव गाउँपालिका,"हुलाक कार्यालय, ग‌गादेव गाउँपालिका",7,50204,55306
लुम्बिनी,रोल्पा,माडी गाउँपालिका,"हुलाक कार्यालय, माडी गाउँपालिका",6,50205,55303
लुम्बिनी,रोल्पा,त्रिवेणी गाउँपालिका,"हुलाक कार्यालय, त्रिवेणी गाउँपालिका",7,50206,55310
लुम्बिनी,रोल्पा,रोल्पा नगरपालिका,"जिल्ला हुलाक कार्यालय, रोल्पा",10,50207,55304
लुम्बिनी,रोल्पा,रुन्टीगढी गाउँपालिका,"हुलाक कार्यालय, रुन्टीगढी गाउँपालिका",9,50208,55305
लुम्बिनी,रोल्पा,सुनिल स्मृति गाउँपालिका,"हुलाक कार्यालय, सुनिल स्मृति गाउँपालिका",8,50209,55308
लुम्बिनी,रोल्पा,लुङ्ग्री गाउँपालिका,"हुलाक कार्यालय, लुङ्ग्री गाउँपालिका",7,50210,55302
लुम्बिनी,प्यूठान,गौमुखी गाउँपालिका,"हुलाक कार्यालय, गौमुखी गाउँपालिका",7,50301,55202
लुम्बिनी,प्यूठान,नौबहिनी गाउँपालिका,"हुलाक कार्यालय, नौबहिनी गाउँपालिका",8,50302,55206
लुम्बिनी,प्यूठान,झिमरुक गाउँपालिका,"हुलाक कार्यालय, झिमरुक गाउँपालिका",8,50303,55203
लुम्बिनी,प्यूठान,प्यूठान नगरपालिका,"हुलाक कार्यालय, प्यूठान नगरपालिका",10,50304,55207
लुम्बिनी,प्यूठान,स्वर्गद्धारी नगरपालिका,"हुलाक कार्यालय, स्वर्गद्धारी नगरपालिका",9,50305,55209
लुम्बिनी,प्यूठान,माण्डवी गाउँपालिका,"हुलाक कार्यालय, माण्डवी गाउँपालिका",5,50306,55205
लुम्बिनी,प्यूठान,मल्लरानी गाउँपालिका,"जिल्ला हुलाक कार्यालय, प्यूठान",5,50307,55204
लुम्बिनी,प्यूठान,ऐरावती गाउँपालिका,"हुलाक कार्यालय, ऐरावती गाउँपालिका",6,50308,55201
लुम्बिनी,प्यूठान,सरुमारानी गाउँपालिका,"हुलाक कार्यालय, सरुमारानी गाउँपालिका",6,50309,55208
लुम्बिनी,गुल्मी,कालिगण्डकी गाउँपालिका,"हुलाक कार्यालय, कालिगण्डकी गाउँपालिका",7,50401,54606
लुम्बिनी,गुल्मी,सत्यवती गाउँपालिका,"हुलाक कार्यालय, सत्यवती गाउँपालिका",8,50402,54612
लुम्बिनी,गुल्मी,चन्द्रकोट गाउँपालिका,"हुलाक कार्यालय, चन्द्रकोट गाउँपालिका",8,50403,54601
लुम्बिनी,गुल्मी,मुसिकोट नगरपालिका,"हुलाक कार्यालय, मुसिकोट नगरपालिका",9,50404,54609
लुम्बिनी,गुल्मी,ईस्मा गाउँपालिका,"हुलाक कार्यालय, ईस्मा गाउँपालिका",6,50405,54605
लुम्बिनी,गुल्मी,मालिका गाउँपालिका,"हुलाक कार्यालय, मालिका गाउँपालिका",8,50406,54608
लुम्बिनी,गुल्मी,मदाने गाउँपालिका,"हुलाक कार्यालय, मदाने गाउँपालिका",7,50407,54607
लुम्बिनी,गुल्मी,धुर्कोट गाउँपालिका,"हुलाक कार्यालय, धुर्कोट गाउँपालिका",7,50408,54603
लुम्बिनी,गुल्मी,रेसुङ्गा नगरपालिका,"जिल्ला हुलाक कार्यालय, गुल्मी",14,50409,54610
लुम्बिनी,गुल्मी,गुल्मी दरबार गाउँपालिका,"हुलाक कार्यालय, गुल्मी दरबार गाउँपालिका",7,50410,54604
लुम्बिनी,गुल्मी,छत्रकोट गाउँपालिका,"हुलाक कार्यालय, छत्रकोट गाउँपालिका",6,50411,54602
लुम्बिनी,गुल्मी,रूरू क्षेत्र गाउँपालिका,"हुलाक कार्यालय, रूरू क्षेत्र गाउँपालिका",6,50412,54611
लुम्बिनी,अर्घाखाँची,छत्रदेव गाउँपालिका,"हुलाक कार्यालय, छत्रदेव गाउँपालिका",8,50501,55102
लुम्बिनी,अर्घाखाँची,मालारानी गाउँपालिका,"हुलाक कार्यालय, मालारानी गाउँपालिका",9,50502,55103
लुम्बिनी,अर्घाखाँची,भुमिकास्थान नगरपालिका,"हुलाक कार्यालय, भुमिकास्थान नगरपालिका",10,50503,55101
लुम्बिनी,अर्घाखाँची,सन्धिखर्क नगरपालिका,"जिल्ला हुलाक कार्यालय, अर्घाखाँची",12,50504,55105
लुम्बिनी,अर्घाखाँची,पाणिनी गाउँपालिका,"हुलाक कार्यालय, पाणिनी गाउँपालिका",8,50505,55104
लुम्बिनी,अर्घाखाँची,शितगंगा नगरपालिका,"हुलाक कार्यालय, शितगंगा नगरपालिका",14,50506,55106
लुम्बिनी,पाल्पा,रामपुर नगरपालिका,"हुलाक कार्यालय, रामपुर नगरपालिका",10,50601,54707
लुम्बिनी,पाल्पा,पुर्वखोला गाउँपालिका,"हुलाक कार्यालय, पुर्वखोला गाउँपालिका",6,50602,54704
लुम्बिनी,पाल्पा,रम्भा गाउँपालिका,"हुलाक कार्यालय, रम्भा गाउँपालिका",5,50603,54706
लुम्बिनी,पाल्पा,बगनासकाली गाउँपालिका,"हुलाक कार्यालय, बगनासकाली गाउँपालिका",9,50604,54701
लुम्बिनी,पाल्पा,तानसेन नगरपालिका,"जिल्ला हुलाक कार्यालय, पाल्पा",14,50605,54709
लुम्बिनी,पाल्पा,रिब्दीकोट गाउँपालिका,"हुलाक कार्यालय, रिब्दीकोट गाउँपालिका",8,50606,54708
लुम्बिनी,पाल्पा,रैनादेवी छहरा गाउँपालिका,"हुलाक कार्यालय, रैनादेवी छहरा गाउँपालिका",8,50607,54705
लुम्बिनी,पाल्पा,तिनाउ गाउँपालिका,"हुलाक कार्यालय, तिनाउ गाउँपालिका",6,50608,54710
लुम्बिनी,पाल्पा,माथागढी गाउँपालिका,"हुलाक कार्यालय, माथागढी गाउँपालिका",8,50609,54702
लुम्बिनी,पाल्पा,निस्दी गाउँपालिका,"हुलाक कार्यालय, निस्दी गाउँपालिका",7,50610,54703
लुम्बिनी,नवलपरासी (बर्दघाट सुस्ता पश्चिम),बर्दघाट नगरपालिका,"हुलाक कार्यालय, बर्दघाट नगरपालिका",16,50701,54801
लुम्बिनी,नवलपरासी (बर्दघाट सुस्ता पश्चिम),सुनवल नगरपालिका,"हुलाक कार्यालय, सुनवल नगरपालिका",13,50702,54806
लुम्बिनी,नवलपरासी (बर्दघाट सुस्ता पश्चिम),रामग्राम नगरपालिका,"जिल्ला हुलाक कार्यालय, नवलपरासी (बर्दघाट सुस्ता पश्चिम)",18,50703,54804
लुम्बिनी,नवलपरासी (बर्दघाट सुस्ता पश्चिम),पाल्हीनन्दन गाउँपालिका,"हुलाक कार्यालय, पाल्हीनन्दन गाउँपालिका",6,50704,54802
लुम्बिनी,नवलपरासी (बर्दघाट सुस्ता पश्चिम),सरावल गाउँपालिका,"हुलाक कार्यालय, सरावल गाउँपालिका",7,50705,54805
लुम्बिनी,नवलपरासी (बर्दघाट सुस्ता पश्चिम),प्रतापपुर गाउँपालिका,"हुलाक कार्यालय, प्रतापपुर गाउँपालिका",9,50706,54803
लुम्बिनी,नवलपरासी (बर्दघाट सुस्ता पश्चिम),सुस्ता गाउँपालिका,"हुलाक कार्यालय, सुस्ता गाउँपालिका",5,50707,54807
लुम्बिनी,रुपन्देही,देबदह नगरपालिका,"हुलाक कार्यालय, देबदह नगरपालिका",12,50801,54902
लुम्बिनी,रुपन्देही,बुटवल उपमहानगरपालिका,"हुलाक कार्यालय, बुटवल उपमहानगरपालिका",19,50802,54901
लुम्बिनी,रुपन्देही,सैनामैना नगरपालिका,"हुलाक कार्यालय, सैनामैना नगरपालिका",11,50803,54911
लुम्बिनी,रुपन्देही,कन्चन गाउँपालिका,"हुलाक कार्यालय, कन्चन गाउँपालिका",5,50804,54904
लुम्बिनी,रुपन्देही,गैडहवा गाउँपालिका,"हुलाक कार्यालय, गैडहवा गाउँपालिका",9,50805,54903
लुम्बिनी,रुपन्देही,सुद्धोधन गाउँपालिका,"हुलाक कार्यालय, सुद्धोधन गाउँपालिका",7,50806,54915
लुम्बिनी,रुपन्देही,सियारी गाउँपालिका,"हुलाक कार्यालय, सियारी गाउँपालिका",7,50807,54914
लुम्बिनी,रुपन्देही,तिलोत्तमा नगरापालिका,"हुलाक कार्यालय, तिलोत्तमा नगरापालिका",17,50808,54916
लुम्बिनी,रुपन्देही,ओमसतिया गाउँपालिका,"हुलाक कार्यालय, ओमसतिया गाउँपालिका",6,50809,54909
लुम्बिनी,रुपन्देही,रोहिणी गाउँपालिका,"हुलाक कार्यालय, रोहिणी गाउँपालिका",7,50810,54910
लुम्बिनी,रुपन्देही,सिद्धार्थनगर नगरपालिका,"जिल्ला हुलाक कार्यालय, रुपन्देही",13,50811,54913
लुम्बिनी,रुपन्देही,मायादेवी गाउँपालिका,"हुलाक कार्यालय, मायादेवी गाउँपालिका",8,50812,54908
लुम्बिनी,रुपन्देही,लुम्बिनी साँस्कृतिक नगरपालिका,"हुलाक कार्यालय, लुम्बिनी साँस्कृतिक नगरपालिका",13,50813,54906
लुम्बिनी,रुपन्देही,कोटहीमाई गाउँपालिका,"हुलाक कार्यालय, कोटहीमाई गाउँपालिका",7,50814,54905
लुम्बिनी,रुपन्देही,सम्मरीमाई गाउँपालिका,"हुलाक कार्यालय, सम्मरीमाई गाउँपालिका",7,50815,54912
लुम्बिनी,रुपन्देही,मर्चवारी गाउँपालिका,"हुलाक कार्यालय, मर्चवारी गाउँपालिका",7,50816,54907
लुम्बिनी,कपिलवस्तु,बाणगंगा नगरपालिका,"हुलाक कार्यालय, बाणगंगा नगरपालिका",11,50901,55001
लुम्बिनी,कपिलवस्तु,बुद्धभूमी नगरपालिका,"हुलाक कार्यालय, बुद्धभूमी नगरपालिका",10,50902,55003
लुम्बिनी,कपिलवस्तु,शिवराज नगरपालिका,"हुलाक कार्यालय, शिवराज नगरपालिका",11,50903,55008
लुम्बिनी,कपिलवस्तु,बिजयनगर गाउँपालिका,"हुलाक कार्यालय, बिजयनगर गाउँपालिका",7,50904,55002
लुम्बिनी,कपिलवस्तु,कृष्णनगर नगरपालिका,"हुलाक कार्यालय, कृष्णनगर नगरपालिका",12,50905,55005
लुम्बिनी,कपिलवस्तु,महाराजगन्ज नगरपालिका,"हुलाक कार्यालय, महाराजगन्ज नगरपालिका",11,50906,55006
लुम्बिनी,कपिलवस्तु,कपिलबस्तु नगरपालिका,"जिल्ला हुलाक कार्यालय, कपिलवस्तु",12,50907,55004
लुम्बिनी,कपिलवस्तु,यसोधरा गाउँपालिका,"हुलाक कार्यालय, यसोधरा गाउँपालिका",8,50908,55010
लुम्बिनी,कपिलवस्तु,मायादेवी गाउँपालिका,"हुलाक कार्यालय, मायादेवी गाउँपालिका",8,50909,55007
लुम्बिनी,कपिलवस्तु,शुद्धोधन गाउँपालिका,"हुलाक कार्यालय, शुद्धोधन गाउँपालिका",6,50910,55009
लुम्बिनी,दाङ,बंगलाचुली गाउँपालिका,"हुलाक कार्यालय, बंगलाचुली गाउँपालिका",8,51001,55602
लुम्बिनी,दाङ,घोराही उपमहानगरपालिका,"हुलाक निर्देशनालय, दाङ्ग",19,51002,55605
लुम्बिनी,दाङ,तुल्सीपुर उपमहानगरपालिका,"हुलाक कार्यालय, तुल्सीपुर उपमहानगरपालिका",19,51003,55610
लुम्बिनी,दाङ,शान्तिनगर गाउँपालिका,"हुलाक कार्यालय, शान्तिनगर गाउँपालिका",7,51004,55609
लुम्बिनी,दाङ,बबई गाउँपालिका,"हुलाक कार्यालय, बबई गाउँपालिका",7,51005,55601
लुम्बिनी,दाङ,दंगीशरण गाउँपालिका,"हुलाक कार्यालय, दंगीशरण गाउँपालिका",7,51006,55603
लुम्बिनी,दाङ,लमही नगरपालिका,"हुलाक कार्यालय, लमही नगरपालिका",9,51007,55606
लुम्बिनी,दाङ,राप्ती गाउँपालिका,"हुलाक कार्यालय, राप्ती गाउँपालिका",9,51008,55608
लुम्बिनी,दाङ,गढवा गाउँपालिका,"हुलाक कार्यालय, गढवा गाउँपालिका",8,51009,55604
लुम्बिनी,दाङ,राजपुर गाउँपालिका,"हुलाक कार्यालय, राजपुर गाउँपालिका",7,51010,55607
लुम्बिनी,बाँके,राप्ती सोनारी गाउँपालिका,"हुलाक कार्यालय, राप्ती सोनारी गाउँपालिका",9,51101,55708
लुम्बिनी,बाँके,कोहलपुर नगरपालिका,"हुलाक कार्यालय, कोहलपुर नगरपालिका",15,51102,55705
लुम्बिनी,बाँके,बैजनाथ गाउँपालिका,"हुलाक कार्यालय, बैजनाथ गाउँपालिका",8,51103,55701
लुम्बिनी,बाँके,खजुरा गाउँपालिका,"हुलाक कार्यालय, खजुरा गाउँपालिका",8,51104,55704
लुम्बिनी,बाँके,जानकी गाउँपालिका,"हुलाक कार्यालय, जानकी गाउँपालिका",6,51105,55703
लुम्बिनी,बाँके,नेपालगञ्ज उपमहानगरपालिका,"जिल्ला हुलाक कार्यालय, बाँके",23,51106,55707
लुम्बिनी,बाँके,डुडुवा गाउँपालिका,"हुलाक कार्यालय, डुडुवा गाउँपालिका",6,51107,55702
लुम्बिनी,बाँके,नरैनापुर गाउँपालिका,"हुलाक कार्यालय, नरैनापुर गाउँपालिका",6,51108,55706
लुम्बिनी,बर्दिया,बाँसगढी नगरपालिका,"हुलाक कार्यालय, बाँसगढी नगरपालिका",9,51201,55802
लुम्बिनी,बर्दिया,बारबर्दिया नगरपालिका,"हुलाक कार्यालय, बारबर्दिया नगरपालिका",11,51202,55803
लुम्बिनी,बर्दिया,ठाकुरबाबा नगरपालिका,"हुलाक कार्यालय, ठाकुरबाबा नगरपालिका",9,51203,55808
लुम्बिनी,बर्दिया,गेरुवा गाउँपालिका,"हुलाक कार्यालय, गेरुवा गाउँपालिका",6,51204,55804
लुम्बिनी,बर्दिया,राजापुर नगरपालिका,"हुलाक कार्यालय, राजापुर नगरपालिका",10,51205,55807
लुम्बिनी,बर्दिया,मधुवन नगरपालिका,"हुलाक कार्यालय, मधुवन नगरपालिका",9,51206,55806
लुम्बिनी,बर्दिया,गुलरीया नगरपालिका,"जिल्ला हुलाक कार्यालय, बर्दिया",12,51207,55805
लुम्बिनी,बर्दिया,बढैयाताल गाउँपालिका,"हुलाक कार्यालय, बढैयाताल गाउँपालिका",9,51208,55801
कर्णाली,डोल्पा,डोल्पो बुद्ध गाउँपालिका,"हुलाक कार्यालय, डोल्पो बुद्ध गाउँपालिका",6,60101,66202
कर्णाली,डोल्पा,शे फोक्सुण्डो गाउँपालिका,"हुलाक कार्यालय, शे फोक्सुण्डो गाउँपालिका",9,60102,66206
कर्णाली,डोल्पा,जगदुल्ला गाउँपालिका,"हुलाक कार्यालय, जगदुल्ला गाउँपालिका",6,60103,66203
कर्णाली,डोल्पा,मुड्केचुला गाउँपालिका,"हुलाक कार्यालय, मुड्केचुला गाउँपालिका",9,60104,66205
कर्णाली,डोल्पा,त्रिपुरासुन्दरी नगरपालिका,"हुलाक कार्यालय, त्रिपुरासुन्दरी नगरपालिका",11,60105,66208
कर्णाली,डोल्पा,ठुलीभेरी नगरपालिका,"जिल्ला हुलाक कार्यालय, डोल्पा",11,60106,66207
कर्णाली,डोल्पा,काइके गाउँपालिका,"हुलाक कार्यालय, काइके गाउँपालिका",7,60107,66204
कर्णाली,डोल्पा,छार्का ताङसोङ गाउँपालिका,"हुलाक कार्यालय, छार्का ताङसोङ गाउँपालिका",6,60108,66201
कर्णाली,मुगु,मुगुमकार्मारोग गाउँपालिका,"हुलाक कार्यालय, मुगुमकार्मारोग गाउँपालिका",9,60201,66503
कर्णाली,मुगु,छायाँनाथ रारा नगरपालिका,"जिल्ला हुलाक कार्यालय, मुगु",14,60202,66501
कर्णाली,मुगु,सोरु गाउँपालिका,"हुलाक कार्यालय, सोरु गाउँपालिका",11,60203,66504
कर्णाली,मुगु,खत्याड गाउँपालिका,"हुलाक कार्यालय, खत्याड गाउँपालिका",11,60204,66502
कर्णाली,हुम्ला,चंखेली गाउँपालिका,"हुलाक कार्यालय, चंखेली गाउँपालिका",6,60301,66602
कर्णाली,हुम्ला,खार्पुनाथ गाउँपालिका,"हुलाक कार्यालय, खार्पुनाथ गाउँपालिका",5,60302,66603
कर्णाली,हुम्ला,सिमकोट गाउँपालिका,"जिल्ला हुलाक कार्यालय, हुम्ला",8,60303,66606
कर्णाली,हुम्ला,नाम्खा गाउँपालिका,"हुलाक कार्यालय, नाम्खा गाउँपालिका",6,60304,66604
कर्णाली,हुम्ला,सर्केगाड गाउँपालिका,"हुलाक कार्यालय, सर्केगाड गाउँपालिका",8,60305,66605
कर्णाली,हुम्ला,अदानचुली गाउँपालिका,"हुलाक कार्यालय, अदानचुली गाउँपालिका",6,60306,66601
कर्णाली,हुम्ला,ताँजाकोट गाउँपालिका,"हुलाक कार्यालय, ताँजाकोट गाउँपालिका",5,60307,66607
कर्णाली,जुम्ला,पातारासी गाउँपालिका,"हुलाक कार्यालय, पातारासी गाउँपालिका",7,60401,66305
कर्णाली,जुम्ला,कनका सुन्दरी गाउँपालिका,"हुलाक कार्यालय, कनका सुन्दरी गाउँपालिका",8,60402,66304
कर्णाली,जुम्ला,सिंजा गाउँपालिका,"हुलाक कार्यालय, सिंजा गाउँपालिका",6,60403,66306
कर्णाली,जुम्ला,चन्दननाथ नगरपालिका,"जिल्ला हुलाक कार्यालय, जुम्ला",10,60404,66301
कर्णाली,जुम्ला,गुठिचौर गाउँपालिका,"हुलाक कार्यालय, गुठिचौर गाउँपालिका",5,60405,66302
कर्णाली,जुम्ला,तातोपानी गाउँपालिका,"हुलाक कार्यालय, तातोपानी गाउँपालिका",8,60406,66307
कर्णाली,जुम्ला,तिला गाउँपालिका,"हुलाक कार्यालय, तिला गाउँपालिका",9,60407,66308
कर्णाली,जुम्ला,हिमा गाउँपालिका,"हुलाक कार्यालय, हिमा गाउँपालिका",7,60408,66303
कर्णाली,कालिकोट,पलाता गाउँपालिका,"हुलाक कार्यालय, पलाता गाउँपालिका",9,60501,66406
कर्णाली,कालिकोट,पचाल झरना गाउँपालिका,"हुलाक कार्यालय, पचाल झरना गाउँपालिका",9,60502,66405
कर्णाली,कालिकोट,रास्कोट नगरपालिका,"हुलाक कार्यालय, रास्कोट नगरपालिका",9,60503,66407
कर्णाली,कालिकोट,सान्नी त्रिवेणी गाउँपालिका,"हुलाक कार्यालय, सान्नी त्रिवेणी गाउँपालिका",9,60504,66408
कर्णाली,कालिकोट,नरहरिनाथ गाउँपालिका,"हुलाक कार्यालय, नरहरिनाथ गाउँपालिका",9,60505,66404
कर्णाली,कालिकोट,खाँडाचक्र नगरपालिका,"जिल्ला हुलाक कार्यालय, कालिकोट",11,60506,66402
कर्णाली,कालिकोट,तिलागुफा नगरपालिका,"हुलाक कार्यालय, तिलागुफा नगरपालिका",11,60507,66409
कर्णाली,कालिकोट,महावै गाउँपालिका,"हुलाक कार्यालय, महावै गाउँपालिका",7,60508,66403
कर्णाली,कालिकोट,शुभ कालीका गाउँपालिका,"हुलाक कार्यालय, शुभ कालीका गाउँपालिका",8,60509,66401
कर्णाली,दैलेख,नौमुले गाउँपालिका,"हुलाक कार्यालय, नौमुले गाउँपालिका",8,60601,66010
कर्णाली,दैलेख,महाबु गाउँपालिका,"हुलाक कार्यालय, महाबु गाउँपालिका",6,60602,66008
कर्णाली,दैलेख,भैरवी गाउँपालिका,"हुलाक कार्यालय, भैरवी गाउँपालिका",7,60603,66003
कर्णाली,दैलेख,ठाँटीकाँध गाउँपालिका,"हुलाक कार्यालय, ठाँटीकाँध गाउँपालिका",6,60604,66011
कर्णाली,दैलेख,आठबीस नगरपालिका,"हुलाक कार्यालय, आठबीस नगरपालिका",9,60605,66001
कर्णाली,दैलेख,चामुण्डा बिन्द्रासैनी नगरपालिका,"हुलाक कार्यालय, चामुण्डा बिन्द्रासैनी नगरपालिका",9,60606,66004
कर्णाली,दैलेख,दुल्लु नगरपालिका,"हुलाक कार्यालय, दुल्लु नगरपालिका",13,60607,66005
कर्णाली,दैलेख,नारायण नगरपालिका,"जिल्ला हुलाक कार्यालय, दैलेख",11,60608,66009
कर्णाली,दैलेख,भगवतीमाई गाउँपालिका,"हुलाक कार्यालय, भगवतीमाई गाउँपालिका",7,60609,66002
कर्णाली,दैलेख,डुङ्गेश्वर गाउँपालिका,"हुलाक कार्यालय, डुङ्गेश्वर गाउँपालिका",6,60610,66006
कर्णाली,दैलेख,गुराँस गाउँपालिका,"हुलाक कार्यालय, गुराँस गाउँपालिका",8,60611,66007
कर्णाली,जाजरकोट,बारेकोट गाउँपालिका,"हुलाक कार्यालय, बारेकोट गाउँपालिका",9,60701,66101
कर्णाली,जाजरकोट,कुसे गाउँपालिका,"हुलाक कार्यालय, कुसे गाउँपालिका",9,60702,66105
कर्णाली,जाजरकोट,जुनीचाँदे गाउँपालिका,"हुलाक कार्यालय, जुनीचाँदे गाउँपालिका",11,60703,66104
कर्णाली,जाजरकोट,छेडागाड नगरपालिका,"हुलाक कार्यालय, छेडागाड नगरपालिका",13,60704,66103
कर्णाली,जाजरकोट,शिवालय गाउँपालिका,"हुलाक कार्यालय, शिवालय गाउँपालिका",9,60705,66106
कर्णाली,जाजरकोट,भेरीमालिका नगरपालिका,"जिल्ला हुलाक कार्यालय, जाजरकोट",13,60706,66102
कर्णाली,जाजरकोट,नलगाड नगरपालिका,"हुलाक कार्यालय, नलगाड नगरपालिका",13,60707,66103
कर्णाली,रुकुम (पश्चिम भाग),आठबिसकोट नगरपालिका,"हुलाक कार्यालय, आठबिसकोट नगरपालिका",14,60801,65401
कर्णाली,रुकुम (पश्चिम भाग),सानीभेरी गाउँपालिका,"हुलाक कार्यालय, सानीभेरी गाउँपालिका",11,60802,65405
कर्णाली,रुकुम (पश्चिम भाग),बाँफिकोट गाउँपालिका,"हुलाक कार्यालय, बाँफिकोट गाउँपालिका",10,60803,65402
कर्णाली,रुकुम (पश्चिम भाग),मुसिकोट नगरपालिका,"जिल्ला हुलाक कार्यालय, रुकुम (पश्चिम भाग)",14,60804,65404
कर्णाली,रुकुम (पश्चिम भाग),त्रिवेणी गाउँपालिका,"हुलाक कार्यालय, त्रिवेणी गाउँपालिका",10,60805,65406
कर्णाली,रुकुम (पश्चिम भाग),चौरजहारी नगरपालिका,"हुलाक कार्यालय, चौरजहारी नगरपालिका",14,60806,65403
कर्णाली,सल्यान,दार्मा गाउँपालिका,"हुलाक कार्यालय, दार्मा गाउँपालिका",6,60901,65504
कर्णाली,सल्यान,कुमाख गाउँपालिका,"हुलाक कार्यालय, कुमाख गाउँपालिका",7,60902,65508
कर्णाली,सल्यान,बनगाड कुपिण्डे नगरपालिका,"हुलाक कार्यालय, बनगाड कुपिण्डे नगरपालिका",12,60903,65502
कर्णाली,सल्यान,सिद्धकुमाख गाउँपालिका,"हुलाक कार्यालय, सिद्धकुमाख गाउँपालिका",5,60904,65504
कर्णाली,सल्यान,बागचौर नगरपालिका,"हुलाक कार्यालय, बागचौर नगरपालिका",12,60905,65501
कर्णाली,सल्यान,छत्रेश्वरी गाउँपालिका,"हुलाक कार्यालय, छत्रेश्वरी गाउँपालिका",7,60906,65503
कर्णाली,सल्यान,शारदा नगरपालिका,"जिल्ला हुलाक कार्यालय, सल्यान",15,60907,65509
कर्णाली,सल्यान,कालिमाटी गाउँपालिका,"हुलाक कार्यालय, कालिमाटी गाउँपालिका",7,60908,65506
कर्णाली,सल्यान,त्रिवेणी गाउँपालिका,"हुलाक कार्यालय, त्रिवेणी गाउँपालिका",6,60909,65510
कर्णाली,सल्यान,कपुरकोट गाउँपालिका,"हुलाक कार्यालय, कपुरकोट गाउँपालिका",6,60910,65507
कर्णाली,सुर्खेत,सिम्ता गाउँपालिका,"हुलाक कार्यालय, सिम्ता गाउँपालिका",9,61001,65909
कर्णाली,सुर्खेत,चिङ्गगाड गाउँपालिका,"हुलाक कार्यालय, चिङ्गगाड गाउँपालिका",6,61002,65905
कर्णाली,सुर्खेत,लेकबेशी नगरपालिका,"हुलाक कार्यालय, लेकबेशी नगरपालिका",10,61003,65907
कर्णाली,सुर्खेत,गुर्भाकोट नगरपालिका,"हुलाक कार्यालय, गुर्भाकोट नगरपालिका",14,61004,65906
कर्णाली,सुर्खेत,भेरीगंगा नगरपालिका,"हुलाक कार्यालय, भेरीगंगा नगरपालिका",13,61005,65902
कर्णाली,सुर्खेत,बीरेन्द्रनगर नगरपालिका,"हुलाक निर्देशनालय, सुर्खेत",16,61006,65903
कर्णाली,सुर्खेत,बराहताल गाउँपालिका,"हुलाक कार्यालय, बराहताल गाउँपालिका",10,61007,65901
कर्णाली,सुर्खेत,पञ्चपुरी नगरपालिका,"हुलाक कार्यालय, पञ्चपुरी नगरपालिका",11,61008,65908
कर्णाली,सुर्खेत,चौकुने गाउँपालिका,"हुलाक कार्यालय, चौकुने गाउँपालिका",10,61009,65904
सुदूरपश्चिम,बाजुरा,हिमाली गाउँपालिका,"हुलाक कार्यालय, हिमाली गाउँपालिका",7,70101,76706
सुदूरपश्चिम,बाजुरा,गौमुल गाउँपालिका,"हुलाक कार्यालय, गौमुल गाउँपालिका",6,70102,76705
सुदूरपश्चिम,बाजुरा,बुढीनन्दा नगरपालिका,"हुलाक कार्यालय, बुढीनन्दा नगरपालिका",10,70103,76703
सुदूरपश्चिम,बाजुरा,स्वामीकार्तिक खापर गाउँपालिका,"हुलाक कार्यालय, स्वामीकार्तिक खापर गाउँपालिका",5,70104,76708
सुदूरपश्चिम,बाजुरा,जगन्नाथ गाउँपालिका,"हुलाक कार्यालय, जगन्नाथ गाउँपालिका",6,70105,76707
सुदूरपश्चिम,बाजुरा,बडिमालिका नगरपालिका,"जिल्ला हुलाक कार्यालय, बाजुरा",9,70106,76701
सुदूरपश्चिम,बाजुरा,खप्तड छेडेदह गाउँपालिका,"हुलाक कार्यालय, खप्तड छेडेदह गाउँपालिका",7,70107,76704
सुदूरपश्चिम,बाजुरा,बुढीगंगा नगरपालिका,"हुलाक कार्यालय, बुढीगंगा नगरपालिका",10,70108,76702
सुदूरपश्चिम,बाजुरा,त्रिवेणी नगरपालिका,"हुलाक कार्यालय, त्रिवेणी नगरपालिका",9,70109,76709
सुदूरपश्चिम,बझाङ,साइपाल गाउँपालिका,"हुलाक कार्यालय, साइपाल गाउँपालिका",5,70201,76806
सुदूरपश्चिम,बझाङ,बुंगल नगरपालिका,"हुलाक कार्यालय, बुंगल नगरपालिका",11,70202,76802
सुदूरपश्चिम,बझाङ,सूर्मा गाउँपालिका,"हुलाक कार्यालय, सूर्मा गाउँपालिका",5,70203,76810
सुदूरपश्चिम,बझाङ,तालकोट गाउँपालिका,"हुलाक कार्यालय, तालकोट गाउँपालिका",7,70204,76811
सुदूरपश्चिम,बझाङ,मष्टा गाउँपालिका,"हुलाक कार्यालय, मष्टा गाउँपालिका",7,70205,76809
सुदूरपश्चिम,बझाङ,जयपृथ्वी नगरपालिका,"जिल्ला हुलाक कार्यालय, बझाङ",11,70206,76805
सुदूरपश्चिम,बझाङ,छबिस पाथिभरा गाउँपालिका,"हुलाक कार्यालय, छबिस पाथिभरा गाउँपालिका",7,70207,76803
सुदूरपश्चिम,बझाङ,दुर्गाथली गाउँपालिका,"हुलाक कार्यालय, दुर्गाथली गाउँपालिका",7,70208,76804
सुदूरपश्चिम,बझाङ,केदारस्युँ गाउँपालिका,"हुलाक कार्यालय, केदारस्युँ गाउँपालिका",9,70209,76807
सुदूरपश्चिम,बझाङ,बित्थडचिर गाउँपालिका,"हुलाक कार्यालय, बित्थडचिर गाउँपालिका",9,70210,76801
सुदूरपश्चिम,बझाङ,थलारा गाउँपालिका,"हुलाक कार्यालय, थलारा गाउँपालिका",9,70211,76812
सुदूरपश्चिम,बझाङ,खप्तडछान्ना गाउँपालिका,"हुलाक कार्यालय, खप्तडछान्ना गाउँपालिका",7,70212,76808
सुदूरपश्चिम,दार्चुला,ब्याँस गाउँपालिका,"हुलाक कार्यालय, ब्याँस गाउँपालिका",6,70301,77502
सुदूरपश्चिम,दार्चुला,दुहुँ गाउँपालिका,"हुलाक कार्यालय, दुहुँ गाउँपालिका",5,70302,77503
सुदूरपश्चिम,दार्चुला,महाकाली नगरपालिका,"जिल्ला हुलाक कार्यालय, दार्चुला",9,70303,77505
सुदूरपश्चिम,दार्चुला,नौगाड गाउँपालिका,"हुलाक कार्यालय, नौगाड गाउँपालिका",6,70304,77508
सुदूरपश्चिम,दार्चुला,अपिहिमाल गाउँपालिका,"हुलाक कार्यालय, अपिहिमाल गाउँपालिका",6,70305,77501
सुदूरपश्चिम,दार्चुला,मार्मा गाउँपालिका,"हुलाक कार्यालय, मार्मा गाउँपालिका",6,70306,77507
सुदूरपश्चिम,दार्चुला,शैल्यशिखर नगरपालिका,"हुलाक कार्यालय, शैल्यशिखर नगरपालिका",9,70307,77509
सुदूरपश्चिम,दार्चुला,मालिकार्जुन गाउँपालिका,"हुलाक कार्यालय, मालिकार्जुन गाउँपालिका",8,70308,77506
सुदूरपश्चिम,दार्चुला,लेकम गाउँपालिका,"हुलाक कार्यालय, लेकम गाउँपालिका",6,70309,77504
सुदूरपश्चिम,बैतडी,डीलासैनी गाउँपालिका,"हुलाक कार्यालय, डीलासैनी गाउँपालिका",7,70401,77402
सुदूरपश्चिम,बैतडी,दोगडाकेदार गाउँपालिका,"हुलाक कार्यालय, दोगडाकेदार गाउँपालिका",8,70402,77403
सुदूरपश्चिम,बैतडी,पुचौंडी नगरपालिका,"हुलाक कार्यालय, पुचौंडी नगरपालिका",10,70403,77407
सुदूरपश्चिम,बैतडी,सुर्नया गाउँपालिका,"हुलाक कार्यालय, सुर्नया गाउँपालिका",8,70404,77410
सुदूरपश्चिम,बैतडी,दशरथचन्द नगरपालिका,"जिल्ला हुलाक कार्यालय, बैतडी",11,70405,77401
सुदूरपश्चिम,बैतडी,पन्चेश्वर गाउँपालिका,"हुलाक कार्यालय, पन्चेश्वर गाउँपालिका",6,70406,77405
सुदूरपश्चिम,बैतडी,शिवनाथ गाउँपालिका,"हुलाक कार्यालय, शिवनाथ गाउँपालिका",6,70407,77408
सुदूरपश्चिम,बैतडी,मेलौली नगरपालिका,"हुलाक कार्यालय, मेलौली नगरपालिका",9,70408,77404
सुदूरपश्चिम,बैतडी,पाटन नगरपालिका,"हुलाक कार्यालय, पाटन नगरपालिका",10,70409,77406
सुदूरपश्चिम,बैतडी,सिगास गाउँपालिका,"हुलाक कार्यालय, सिगास गाउँपालिका",9,70410,77409
सुदूरपश्चिम,डँडेलधुरा,नवदुर्गा गाउँपालिका,"हुलाक कार्यालय, नवदुर्गा गाउँपालिका",5,70501,77306
सुदूरपश्चिम,डँडेलधुरा,अमरगढी नगरपालिका,"जिल्ला हुलाक कार्यालय, डँडेलधुरा",11,70502,77303
सुदूरपश्चिम,डँडेलधुरा,अजयमेरु गाउँपालिका,"हुलाक कार्यालय, अजयमेरु गाउँपालिका",6,70503,77301
सुदूरपश्चिम,डँडेलधुरा,भागेश्वर गाउँपालिका,"हुलाक कार्यालय, भागेश्वर गाउँपालिका",5,70504,77304
सुदूरपश्चिम,डँडेलधुरा,परशुराम नगरपालिका,"हुलाक कार्यालय, परशुराम नगरपालिका",12,70505,77307
सुदूरपश्चिम,डँडेलधुरा,आलिताल गाउँपालिका,"हुलाक कार्यालय, आलिताल गाउँपालिका",8,70506,77302
सुदूरपश्चिम,डँडेलधुरा,गन्यापधुरा गाउँपालिका,"हुलाक कार्यालय, गन्यापधुरा गाउँपालिका",5,70507,77305
सुदूरपश्चिम,डोटी,पुर्विचौकी गाउँपालिका,"हुलाक कार्यालय, पुर्विचौकी गाउँपालिका",7,70601,77007
सुदूरपश्चिम,डोटी,सायल गाउँपालिका,"हुलाक कार्यालय, सायल गाउँपालिका",6,70602,77008
सुदूरपश्चिम,डोटी,आदर्श गाउँपालिका,"हुलाक कार्यालय, आदर्श गाउँपालिका",7,70603,77001
सुदूरपश्चिम,डोटी,शिखर नगरपालिका,"हुलाक कार्यालय, शिखर नगरपालिका",11,70604,77009
सुदूरपश्चिम,डोटी,दिपायल सिलगढी नगरपालिका,"जिल्ला हुलाक कार्यालय, डोटी",9,70605,77004
सुदूरपश्चिम,डोटी,के.आई.सिं. गाउँपालिका,"हुलाक कार्यालय, के.आई.सिं. गाउँपालिका",7,70606,77006
सुदूरपश्चिम,डोटी,बोगटान फुड्सिल गाउँपालिका,"हुलाक कार्यालय, बोगटान फुड्सिल गाउँपालिका",7,70607,77003
सुदूरपश्चिम,डोटी,बडीकेदार गाउँपालिका,"हुलाक कार्यालय, बडीकेदार गाउँपालिका",5,70608,77002
सुदूरपश्चिम,डोटी,जोरायल गाउँपालिका,"हुलाक कार्यालय, जोरायल गाउँपालिका",6,70609,77005
सुदूरपश्चिम,अछाम,पंचदेवल बिनायक नगरपालिका,"हुलाक कार्यालय, पंचदेवल बिनायक नगरपालिका",9,70701,76907
सुदूरपश्चिम,अछाम,रामारोशन गाउँपालिका,"हुलाक कार्यालय, रामारोशन गाउँपालिका",7,70702,76908
सुदूरपश्चिम,अछाम,मेल्लेख गाउँपालिका,"हुलाक कार्यालय, मेल्लेख गाउँपालिका",8,70703,76906
सुदूरपश्चिम,अछाम,साँफेबगर नगरपालिका,"हुलाक कार्यालय, साँफेबगर नगरपालिका",14,70704,76909
सुदूरपश्चिम,अछाम,चौरपाटी गाउँपालिका,"हुलाक कार्यालय, चौरपाटी गाउँपालिका",7,70705,76902
सुदूरपश्चिम,अछाम,मंगलसेन नगरपालिका,"जिल्ला हुलाक कार्यालय, अछाम",14,70706,76905
सुदूरपश्चिम,अछाम,बान्नीगढी जयगढ गाउँपालिका,"हुलाक कार्यालय, बान्नीगढी जयगढ गाउँपालिका",6,70707,76901
सुदूरपश्चिम,अछाम,कमलबजार नगरपालिका,"हुलाक कार्यालय, कमलबजार नगरपालिका",10,70708,76904
सुदूरपश्चिम,अछाम,ढकारी गाउँपालिका,"हुलाक कार्यालय, ढकारी गाउँपालिका",8,70709,76903
सुदूरपश्चिम,अछाम,तुर्माखाँद गाउँपालिका,"हुलाक कार्यालय, तुर्माखाँद गाउँपालिका",8,70710,76910
सुदूरपश्चिम,कैलाली,मोहन्याल गाउँपालिका,"हुलाक कार्यालय, मोहन्याल गाउँपालिका",7,70801,77112
सुदूरपश्चिम,कैलाली,चुरे गाउँपालिका,"हुलाक कार्यालय, चुरे गाउँपालिका",6,70802,77103
सुदूरपश्चिम,कैलाली,गोदावरी नगरपालिका,"हुलाक कार्यालय, गोदावरी नगरपालिका",12,70803,77107
सुदूरपश्चिम,कैलाली,गौरीगंगा नगरपालिका,"हुलाक कार्यालय, गौरीगंगा नगरपालिका",11,70804,77105
सुदूरपश्चिम,कैलाली,घोडाघोडी नगरपालिका,"हुलाक कार्यालय, घोडाघोडी नगरपालिका",12,70805,77106
सुदूरपश्चिम,कैलाली,बर्दगोरिया गाउँपालिका,"हुलाक कार्यालय, बर्दगोरिया गाउँपालिका",6,70806,77101
सुदूरपश्चिम,कैलाली,लम्कि चुहा नगरपालिका,"हुलाक कार्यालय, लम्कि चुहा नगरपालिका",10,70807,77111
सुदूरपश्चिम,कैलाली,जानकी गाउँपालिका,"हुलाक कार्यालय, जानकी गाउँपालिका",9,70808,77108
सुदूरपश्चिम,कैलाली,जोशीपुर गाउँपालिका,"हुलाक कार्यालय, जोशीपुर गाउँपालिका",7,70809,77109
सुदूरपश्चिम,कैलाली,टिकापुर नगरपालिका,"हुलाक कार्यालय, टिकापुर नगरपालिका",9,70810,77113
सुदूरपश्चिम,कैलाली,भजनी नगरपालिका,"हुलाक कार्यालय, भजनी नगरपालिका",9,70811,77102
सुदूरपश्चिम,कैलाली,कैलारी गाउँपालिका,"हुलाक कार्यालय, कैलारी गाउँपालिका",9,70812,77110
सुदूरपश्चिम,कैलाली,धनगढी उपमहानगरपालिका,"हुलाक निर्देशनालय, कैलाली",19,70813,77104
सुदूरपश्चिम,कञ्चनपुर,कृष्णपुर नगरपालिका,"हुलाक कार्यालय, कृष्णपुर नगरपालिका",9,70901,77205
सुदूरपश्चिम,कञ्चनपुर,शुक्लाफाँटा नगरपालिका,"हुलाक कार्यालय, शुक्लाफाँटा नगरपालिका",12,70902,77209
सुदूरपश्चिम,कञ्चनपुर,बेदकोट नगरपालिका,"हुलाक कार्यालय, बेदकोट नगरपालिका",10,70903,77201
सुदूरपश्चिम,कञ्चनपुर,भिमदत्त नगरपालिका,"जिल्ला हुलाक कार्यालय, कञ्चनपुर",19,70904,77204
सुदूरपश्चिम,कञ्चनपुर,चाँदनी-दोधारा नगरपालिका,"हुलाक कार्यालय, चाँदनी-दोधारा नगरपालिका",10,70905,77207
सुदूरपश्चिम,कञ्चनपुर,लालझाडी गाउँपालिका,"हुलाक कार्यालय, लालझाडी गाउँपालिका",6,70906,77206
सुदूरपश्चिम,कञ्चनपुर,पुनर्वास नगरपालिका,"हुलाक कार्यालय, पुनर्वास नगरपालिका",11,70907,77208
सुदूरपश्चिम,कञ्चनपुर,बेलौरी नगरपालिका,"हुलाक कार्यालय, बेलौरी नगरपालिका",10,70908,77202
सुदूरपश्चिम,कञ्चनपुर,बेलडाँडी गाउँपालिका,"हुलाक कार्यालय, बेलडाँडी गाउँपालिका",5,70909,77203
